// Generated by tools/make_font.py -- do not edit.
// Source: /usr/share/fonts/opentype/noto/NotoSansCJK-Regular.ttc at 14px
#include <stddef.h>
#include <stdint.h>

const uint8_t font_NotoKR14_data[] = {
    0x4E, 0x6F, 0x74, 0x6F, 0x20, 0x4B, 0x52, 0x20, 0x31, 0x34, 0x00, 0x00, 0x00, 0x00, 0x00, 0x00,
    0x01, 0x0D, 0x11, 0x00, 0xC7, 0x02, 0x00, 0x00, 0x20, 0x00, 0x00, 0x00, 0x00, 0x00, 0x03, 0x21,
    0x00, 0x02, 0x03, 0x0B, 0x01, 0x05, 0x49, 0x24, 0x92, 0x09, 0x00, 0x22, 0x00, 0x02, 0x05, 0x05,
    0x01, 0x07, 0xD6, 0xA5, 0x20, 0x00, 0x23, 0x00, 0x03, 0x08, 0x0A, 0x00, 0x08, 0x00, 0x24, 0x24,
    0x7E, 0x24, 0x24, 0x7E, 0x20, 0x00, 0x48, 0x24, 0x00, 0x01, 0x07, 0x0E, 0x00, 0x08, 0x10, 0x20,
    0xF3, 0x06, 0x04, 0x06, 0x06, 0x06, 0x0D, 0x19, 0xE1, 0x00, 0x00, 0x25, 0x00, 0x02, 0x0D, 0x0B,
    0x00, 0x0D, 0x30, 0x02, 0x44, 0x12, 0x00, 0x92, 0x04, 0x86, 0x25, 0x48, 0xD2, 0x40, 0x92, 0x08,
    0x90, 0x44, 0x84, 0x18, 0x26, 0x00, 0x02, 0x0A, 0x0B, 0x00, 0x0A, 0x1C, 0x09, 0x02, 0x40, 0xB0,
    0x38, 0x0C, 0x25, 0x99, 0x34, 0x47, 0x11, 0xC3, 0xC8, 0x27, 0x00, 0x02, 0x02, 0x05, 0x01, 0x04,
    0xFA, 0x00, 0x28, 0x00, 0x01, 0x04, 0x0F, 0x01, 0x05, 0x02, 0x24, 0x44, 0xC8, 0x8C, 0x44, 0x42,
    0x20, 0x29, 0x00, 0x01, 0x04, 0x0F, 0x00, 0x05, 0x04, 0x42, 0x22, 0x22, 0x22, 0x22, 0x64, 0x40,
    0x2A, 0x00, 0x02, 0x06, 0x05, 0x00, 0x07, 0x11, 0xC3, 0x8E, 0x00, 0x2B, 0x00, 0x03, 0x08, 0x09,
    0x00, 0x08, 0x00, 0x10, 0x10, 0x10, 0x7E, 0x10, 0x10, 0x10, 0x00, 0x2C, 0x00, 0x0B, 0x04, 0x05,
    0x00, 0x04, 0x46, 0x24, 0x00, 0x2D, 0x00, 0x09, 0x05, 0x01, 0x00, 0x05, 0x70, 0x2E, 0x00, 0x0B,
    0x02, 0x02, 0x01, 0x04, 0xF0, 0x2F, 0x00, 0x02, 0x06, 0x0E, 0x00, 0x06, 0x08, 0x20, 0x04, 0x10,
    0x42, 0x08, 0x21, 0x04, 0x10, 0x80, 0x00, 0x30, 0x00, 0x02, 0x08, 0x0B, 0x00, 0x08, 0x38, 0x24,
    0x46, 0x42, 0x42, 0x42, 0x42, 0x42, 0x46, 0x24, 0x38, 0x31, 0x00, 0x02, 0x06, 0x0B, 0x01, 0x08,
    0x31, 0xC1, 0x04, 0x10, 0x41, 0x04, 0x10, 0xCF, 0xC0, 0x32, 0x00, 0x02, 0x08, 0x0B, 0x00, 0x08,
    0x38, 0x44, 0x04, 0x06, 0x04, 0x04, 0x08, 0x18, 0x30, 0x60, 0x7E, 0x33, 0x00, 0x02, 0x07, 0x0B,
    0x00, 0x08, 0x38, 0x88, 0x18, 0x20, 0xC7, 0x01, 0x01, 0x02, 0x8C, 0xF0, 0x34, 0x00, 0x02, 0x08,
    0x0B, 0x00, 0x08, 0x0C, 0x0C, 0x14, 0x34, 0x24, 0x44, 0x44, 0xFE, 0x04, 0x04, 0x04, 0x35, 0x00,
    0x02, 0x08, 0x0B, 0x00, 0x08, 0x7E, 0x60, 0x60, 0x40, 0x7C, 0x06, 0x02, 0x02, 0x06, 0x44, 0x38,
    0x36, 0x00, 0x02, 0x08, 0x0B, 0x00, 0x08, 0x1C, 0x22, 0x60, 0x40, 0x5C, 0x66, 0x42, 0x42, 0x42,
    0x26, 0x1C, 0x37, 0x00, 0x02, 0x08, 0x0B, 0x00, 0x08, 0x7E, 0x06, 0x04, 0x0C, 0x08, 0x08, 0x18,
    0x10, 0x10, 0x10, 0x10, 0x38, 0x00, 0x02, 0x08, 0x0B, 0x00, 0x08, 0x3C, 0x64, 0x42, 0x62, 0x34,
    0x3C, 0x46, 0x42, 0x42, 0x46, 0x3C, 0x39, 0x00, 0x02, 0x07, 0x0B, 0x00, 0x08, 0x38, 0xC9, 0x1A,
    0x14, 0x2C, 0xCE, 0x81, 0x04, 0x98, 0xE0, 0x3A, 0x00, 0x05, 0x02, 0x08, 0x01, 0x04, 0xF0, 0x0F,
    0x3B, 0x00, 0x06, 0x04, 0x0A, 0x00, 0x04, 0x66, 0x00, 0x04, 0x62, 0x40, 0x3C, 0x00, 0x04, 0x08,
    0x07, 0x00, 0x08, 0x00, 0x06, 0x18, 0x60, 0x60, 0x1C, 0x02, 0x3D, 0x00, 0x06, 0x08, 0x04, 0x00,
    0x08, 0x7E, 0x00, 0x00, 0x7E, 0x3E, 0x00, 0x04, 0x08, 0x07, 0x00, 0x08, 0x00, 0x60, 0x38, 0x06,
    0x0E, 0x30, 0x40, 0x3F, 0x00, 0x02, 0x06, 0x0B, 0x00, 0x07, 0x39, 0x30, 0x43, 0x08, 0x41, 0x00,
    0x00, 0xC3, 0x00, 0x40, 0x00, 0x03, 0x0D, 0x0C, 0x00, 0x0D, 0x07, 0xC0, 0xC1, 0x08, 0x04, 0x47,
    0x24, 0x49, 0x24, 0x49, 0x22, 0x49, 0x32, 0x46, 0xE1, 0x00, 0x0C, 0x00, 0x1F, 0x00, 0x41, 0x00,
    0x02, 0x09, 0x0B, 0x00, 0x09, 0x18, 0x0C, 0x05, 0x06, 0x82, 0x41, 0x31, 0x88, 0xFC, 0x43, 0x20,
    0xB0, 0x40, 0x42, 0x00, 0x02, 0x08, 0x0B, 0x01, 0x09, 0xFC, 0xC6, 0xC2, 0xC2, 0xC4, 0xFC, 0xC2,
    0xC2, 0xC2, 0xC6, 0xFC, 0x43, 0x00, 0x02, 0x09, 0x0B, 0x00, 0x09, 0x1E, 0x18, 0x88, 0x08, 0x04,
    0x02, 0x01, 0x00, 0x80, 0x60, 0x18, 0x87, 0x80, 0x44, 0x00, 0x02, 0x08, 0x0B, 0x01, 0x0A, 0xF8,
    0xC6, 0xC2, 0xC3, 0xC3, 0xC3, 0xC3, 0xC3, 0xC2, 0xC6, 0xF8, 0x45, 0x00, 0x02, 0x07, 0x0B, 0x01,
    0x08, 0xFD, 0x83, 0x06, 0x0C, 0x1F, 0xB0, 0x60, 0xC1, 0x83, 0xF0, 0x46, 0x00, 0x02, 0x07, 0x0B,
    0x01, 0x08, 0xFD, 0x83, 0x06, 0x0C, 0x1F, 0xB0, 0x60, 0xC1, 0x83, 0x00, 0x47, 0x00, 0x02, 0x09,
    0x0B, 0x00, 0x0A, 0x1E, 0x18, 0x98, 0x08, 0x04, 0x02, 0x3D, 0x06, 0xC3, 0x21, 0x98, 0xC7, 0xC0,
    0x48, 0x00, 0x02, 0x08, 0x0B, 0x01, 0x0A, 0xC3, 0xC3, 0xC3, 0xC3, 0xC3, 0xFF, 0xC3, 0xC3, 0xC3,
    0xC3, 0xC3, 0x49, 0x00, 0x02, 0x02, 0x0B, 0x01, 0x04, 0xFF, 0xFF, 0xFC, 0x4A, 0x00, 0x02, 0x07,
    0x0B, 0x00, 0x07, 0x04, 0x08, 0x10, 0x20, 0x40, 0x81, 0x02, 0x04, 0x98, 0xE0, 0x4B, 0x00, 0x02,
    0x08, 0x0B, 0x01, 0x09, 0xC2, 0xC4, 0xCC, 0xD8, 0xD0, 0xF8, 0xEC, 0xC4, 0xC6, 0xC2, 0xC3, 0x4C,
    0x00, 0x02, 0x07, 0x0B, 0x01, 0x08, 0xC1, 0x83, 0x06, 0x0C, 0x18, 0x30, 0x60, 0xC1, 0x83, 0xF0,
    0x4D, 0x00, 0x02, 0x09, 0x0B, 0x01, 0x0B, 0xC1, 0xE0, 0xF8, 0x7C, 0x5E, 0x2E, 0x97, 0x53, 0xA9,
    0xCC, 0xE4, 0x70, 0x20, 0x4E, 0x00, 0x02, 0x08, 0x0B, 0x01, 0x0A, 0xC3, 0xE3, 0xE3, 0xF3, 0xD3,
    0xDB, 0xC9, 0xC5, 0xC7, 0xC3, 0xC3, 0x4F, 0x00, 0x02, 0x0A, 0x0B, 0x00, 0x0A, 0x1E, 0x0C, 0xC6,
    0x19, 0x02, 0x40, 0x90, 0x34, 0x09, 0x02, 0x61, 0x8C, 0xC1, 0xE0, 0x50, 0x00, 0x02, 0x08, 0x0B,
    0x01, 0x09, 0xFC, 0xC6, 0xC2, 0xC2, 0xC2, 0xC6, 0xFC, 0xC0, 0xC0, 0xC0, 0xC0, 0x51, 0x00, 0x02,
    0x0A, 0x0E, 0x00, 0x0A, 0x1E, 0x0C, 0xC6, 0x19, 0x02, 0x40, 0x90, 0x34, 0x09, 0x02, 0x60, 0x8C,
    0x41, 0xE0, 0x18, 0x03, 0xC0, 0x00, 0x52, 0x00, 0x02, 0x08, 0x0B, 0x01, 0x09, 0xFC, 0xC6, 0xC2,
    0xC2, 0xC6, 0xFC, 0xC8, 0xCC, 0xC4, 0xC6, 0xC2, 0x53, 0x00, 0x02, 0x08, 0x0B, 0x00, 0x08, 0x1C,
    0x22, 0x60, 0x60, 0x30, 0x1C, 0x06, 0x03, 0x03, 0x66, 0x3C, 0x54, 0x00, 0x02, 0x08, 0x0B, 0x00,
    0x08, 0xFF, 0x18, 0x08, 0x08, 0x08, 0x08, 0x08, 0x08, 0x08, 0x08, 0x08, 0x55, 0x00, 0x02, 0x08,
    0x0B, 0x01, 0x0A, 0xC3, 0xC3, 0xC3, 0xC3, 0xC3, 0xC3, 0xC3, 0xC3, 0x42, 0x66, 0x3C, 0x56, 0x00,
    0x02, 0x08, 0x0B, 0x00, 0x08, 0x81, 0xC3, 0x42, 0x42, 0x66, 0x24, 0x24, 0x24, 0x1C, 0x18, 0x18,
    0x57, 0x00, 0x02, 0x0C, 0x0B, 0x00, 0x0C, 0xC6, 0x14, 0x63, 0x46, 0x24, 0x52, 0x45, 0x26, 0x92,
    0x29, 0x62, 0x94, 0x38, 0xC3, 0x0C, 0x30, 0xC0, 0x58, 0x00, 0x02, 0x08, 0x0B, 0x00, 0x08, 0x42,
    0x66, 0x24, 0x34, 0x18, 0x18, 0x18, 0x24, 0x24, 0x42, 0xC3, 0x59, 0x00, 0x02, 0x08, 0x0B, 0x00,
    0x08, 0xC2, 0x46, 0x44, 0x24, 0x28, 0x38, 0x10, 0x10, 0x10, 0x10, 0x10, 0x5A, 0x00, 0x02, 0x08,
    0x0B, 0x00, 0x08, 0x7F, 0x02, 0x06, 0x04, 0x08, 0x18, 0x10, 0x30, 0x20, 0x60, 0x7F, 0x5B, 0x00,
    0x02, 0x04, 0x0E, 0x01, 0x05, 0xE8, 0x88, 0x88, 0x88, 0x88, 0x88, 0x86, 0x5C, 0x00, 0x02, 0x06,
    0x0E, 0x00, 0x06, 0x81, 0x04, 0x10, 0x20, 0x82, 0x00, 0x10, 0x41, 0x02, 0x08, 0x00, 0x5D, 0x00,
    0x02, 0x04, 0x0E, 0x00, 0x05, 0x62, 0x22, 0x22, 0x22, 0x22, 0x22, 0x26, 0x5E, 0x00, 0x02, 0x07,
    0x07, 0x00, 0x08, 0x00, 0x30, 0x61, 0x62, 0x4C, 0x90, 0x80, 0x5F, 0x00, 0x0E, 0x08, 0x01, 0x00,
    0x08, 0xFF, 0x60, 0x00, 0x00, 0x04, 0x04, 0x02, 0x08, 0x0C, 0x42, 0x61, 0x00, 0x05, 0x07, 0x08,
    0x00, 0x08, 0x3C, 0x88, 0x18, 0xF6, 0x68, 0xD1, 0x9D, 0x62, 0x00, 0x01, 0x07, 0x0C, 0x01, 0x09,
    0x01, 0x83, 0x06, 0x0F, 0x98, 0xB1, 0xE1, 0xC3, 0x8F, 0x15, 0xC0, 0x63, 0x00, 0x05, 0x07, 0x08,
    0x00, 0x07, 0x1C, 0x41, 0x02, 0x04, 0x08, 0x18, 0x0E, 0x64, 0x00, 0x01, 0x08, 0x0C, 0x00, 0x09,
    0x00, 0x02, 0x02, 0x02, 0x1E, 0x26, 0x42, 0x42, 0x42, 0x42, 0x66, 0x3A, 0x65, 0x00, 0x05, 0x08,
    0x08, 0x00, 0x08, 0x1C, 0x66, 0x42, 0x7E, 0x40, 0x40, 0x20, 0x1C, 0x66, 0x00, 0x01, 0x05, 0x0C,
    0x00, 0x05, 0x39, 0x08, 0xCF, 0x31, 0x8C, 0x63, 0x18, 0xC0, 0x67, 0x00, 0x05, 0x08, 0x0C, 0x00,
    0x08, 0x3F, 0x64, 0x46, 0x64, 0x38, 0x40, 0x60, 0x3E, 0x43, 0x43, 0x42, 0x3C, 0x68, 0x00, 0x01,
    0x07, 0x0C, 0x01, 0x08, 0x01, 0x83, 0x06, 0x0D, 0x9C, 0xB1, 0x62, 0xC5, 0x8B, 0x16, 0x20, 0x69,
    0x00, 0x02, 0x02, 0x0B, 0x01, 0x04, 0xC3, 0xFF, 0xFC, 0x6A, 0x00, 0x02, 0x04, 0x0F, 0x00, 0x04,
    0x30, 0x03, 0x33, 0x33, 0x33, 0x33, 0x32, 0xE0, 0x6B, 0x00, 0x01, 0x07, 0x0C, 0x01, 0x08, 0x01,
    0x83, 0x06, 0x0C, 0xD9, 0x34, 0x78, 0xF1, 0x93, 0x36, 0x20, 0x6C, 0x00, 0x01, 0x03, 0x0C, 0x01,
    0x04, 0x1B, 0x6D, 0xB6, 0xDB, 0x20, 0x6D, 0x00, 0x05, 0x0B, 0x08, 0x01, 0x0D, 0xB9, 0xDD, 0xCF,
    0x11, 0xE2, 0x3C, 0x43, 0x88, 0x71, 0x0E, 0x21, 0x6E, 0x00, 0x05, 0x07, 0x08, 0x01, 0x09, 0x99,
    0xCB, 0x16, 0x2C, 0x58, 0xB1, 0x62, 0x6F, 0x00, 0x05, 0x08, 0x08, 0x00, 0x08, 0x1C, 0x26, 0x42,
    0x43, 0x43, 0x42, 0x66, 0x1C, 0x70, 0x00, 0x05, 0x07, 0x0C, 0x01, 0x09, 0xB9, 0x8B, 0x1E, 0x1C,
    0x38, 0xF1, 0x7C, 0xC1, 0x83, 0x06, 0x00, 0x71, 0x00, 0x05, 0x08, 0x0C, 0x00, 0x09, 0x1E, 0x66,
    0x42, 0x42, 0x42, 0x42, 0x66, 0x3A, 0x02, 0x02, 0x02, 0x02, 0x72, 0x00, 0x05, 0x05, 0x08, 0x01,
    0x05, 0x97, 0x31, 0x8C, 0x63, 0x18, 0x73, 0x00, 0x05, 0x07, 0x08, 0x00, 0x07, 0x38, 0x81, 0x01,
    0x81, 0xC0, 0x93, 0x3C, 0x74, 0x00, 0x02, 0x06, 0x0B, 0x00, 0x06, 0x00, 0x82, 0x3E, 0x60, 0x82,
    0x08, 0x20, 0x83, 0x80, 0x75, 0x00, 0x05, 0x07, 0x08, 0x01, 0x08, 0x85, 0x0A, 0x14, 0x28, 0x58,
    0xB3, 0x3A, 0x76, 0x00, 0x05, 0x08, 0x08, 0x00, 0x08, 0xC2, 0x46, 0x44, 0x64, 0x2C, 0x28, 0x38,
    0x18, 0x77, 0x00, 0x05, 0x0B, 0x08, 0x00, 0x0B, 0x44, 0x28, 0xC9, 0x29, 0x35, 0x22, 0xA4, 0x53,
    0x0C, 0x61, 0x8C, 0x78, 0x00, 0x05, 0x07, 0x08, 0x00, 0x07, 0x44, 0xD8, 0xA1, 0xC3, 0x85, 0x13,
    0x22, 0x79, 0x00, 0x05, 0x08, 0x0C, 0x00, 0x08, 0xC2, 0x46, 0x44, 0x64, 0x24, 0x28, 0x18, 0x18,
    0x10, 0x10, 0x30, 0x60, 0x7A, 0x00, 0x05, 0x07, 0x08, 0x00, 0x07, 0x7C, 0x18, 0x20, 0x83, 0x04,
    0x10, 0x3E, 0x7B, 0x00, 0x02, 0x05, 0x0E, 0x00, 0x05, 0x31, 0x08, 0x42, 0x11, 0x04, 0x21, 0x08,
    0x42, 0x08, 0x7C, 0x00, 0x01, 0x02, 0x10, 0x01, 0x04, 0x2A, 0xAA, 0xAA, 0xAA, 0x7D, 0x00, 0x02,
    0x05, 0x0E, 0x00, 0x05, 0x41, 0x08, 0x42, 0x10, 0xC4, 0x21, 0x08, 0x42, 0x20, 0x7E, 0x00, 0x06,
    0x08, 0x03, 0x00, 0x08, 0x60, 0x5A, 0x0C, 0x02, 0x30, 0x0A, 0x05, 0x05, 0x00, 0x0E, 0x72, 0x42,
    0x93, 0x00, 0x0A, 0x4E, 0x01, 0x0E, 0x0E, 0x00, 0x0E, 0x02, 0x00, 0x08, 0x00, 0x20, 0x00, 0x80,
    0x02, 0x00, 0x0F, 0xC0, 0x20, 0x00, 0x80, 0x02, 0x00, 0x08, 0x00, 0x20, 0x00, 0x80, 0x7F, 0xF8,
    0x00, 0x00, 0x0B, 0x4E, 0x02, 0x0E, 0x0D, 0x00, 0x0E, 0x7F, 0xF8, 0x08, 0x00, 0x20, 0x00, 0x80,
    0x03, 0x80, 0x0B, 0x80, 0x23, 0x00, 0x84, 0x02, 0x00, 0x08, 0x00, 0x20, 0x00, 0x80, 0x02, 0x00,
    0x0D, 0x4E, 0x02, 0x0E, 0x0D, 0x00, 0x0E, 0x7F, 0xF8, 0x04, 0x00, 0x30, 0x00, 0xC0, 0x07, 0xC0,
    0x2D, 0x81, 0x33, 0x18, 0xC2, 0x43, 0x00, 0x0C, 0x00, 0x30, 0x00, 0xC0, 0x00, 0x00, 0x24, 0x4E,
    0x02, 0x0E, 0x0D, 0x00, 0x0E, 0x7F, 0xF8, 0x12, 0x00, 0x48, 0x1F, 0xFE, 0x44, 0x89, 0x32, 0x24,
    0xCC, 0x93, 0xB2, 0x4B, 0x39, 0xC4, 0x66, 0x00, 0x90, 0x06, 0x40, 0x70, 0x2D, 0x4E, 0x01, 0x0C,
    0x0E, 0x01, 0x0E, 0x04, 0x00, 0x60, 0x06, 0x0F, 0xFF, 0x86, 0x18, 0x61, 0x86, 0x18, 0x61, 0xFF,
    0xF8, 0x61, 0x06, 0x00, 0x60, 0x06, 0x00, 0x40, 0x3A, 0x4E, 0x01, 0x0D, 0x0F, 0x00, 0x0E, 0x02,
    0x00, 0x90, 0x04, 0x80, 0x04, 0x07, 0xFF, 0x83, 0x0C, 0x10, 0x60, 0xA2, 0x04, 0x90, 0x46, 0x86,
    0x04, 0x20, 0x22, 0x01, 0x20, 0x70, 0x00, 0x00, 0x3B, 0x4E, 0x01, 0x0E, 0x0E, 0x00, 0x0E, 0x00,
    0x00, 0x0C, 0x00, 0x10, 0x1F, 0xFE, 0x03, 0x00, 0x0C, 0x00, 0x30, 0x00, 0xC0, 0x3F, 0xF0, 0x0C,
    0x00, 0x30, 0x00, 0xC0, 0x7F, 0xF8, 0x00, 0x00, 0x8E, 0x4E, 0x02, 0x0E, 0x0D, 0x00, 0x0E, 0x3F,
    0xF0, 0x04, 0x00, 0x10, 0x00, 0x40, 0x01, 0x01, 0xFF, 0xE0, 0x10, 0x00, 0x40, 0x01, 0x00, 0x04,
    0x00, 0x10, 0x00, 0xC0, 0x0E, 0x00, 0xA4, 0x4E, 0x01, 0x0E, 0x0E, 0x00, 0x0E, 0x00, 0x00, 0x08,
    0x07, 0xFF, 0x80, 0x00, 0x08, 0x60, 0x40, 0xC6, 0x85, 0x83, 0x30, 0x04, 0x80, 0x0C, 0x00, 0x30,
    0x03, 0x30, 0x38, 0x71, 0x00, 0x20, 0xAE, 0x4E, 0x00, 0x0E, 0x0F, 0x00, 0x0E, 0x00, 0x00, 0x0C,
    0x07, 0xFF, 0x80, 0x00, 0x1F, 0xE0, 0x40, 0x81, 0xFE, 0x00, 0x00, 0x7F, 0xF9, 0x00, 0x24, 0xC8,
    0x82, 0x20, 0x08, 0x88, 0x42, 0x26, 0x0F, 0x80, 0xC5, 0x4E, 0x01, 0x0E, 0x0E, 0x00, 0x0E, 0x08,
    0x00, 0x20, 0x01, 0x7F, 0x84, 0x84, 0x32, 0x11, 0xC8, 0x45, 0x13, 0x04, 0x48, 0x10, 0xE0, 0x43,
    0x01, 0x0C, 0x04, 0x48, 0x16, 0x18, 0x50, 0x20, 0xCE, 0x4E, 0x02, 0x0E, 0x0D, 0x00, 0x0E, 0x08,
    0x40, 0x21, 0x01, 0x84, 0x04, 0x30, 0x10, 0xC0, 0x63, 0x01, 0xCE, 0x05, 0x68, 0x33, 0x20, 0x84,
    0x46, 0x21, 0x91, 0x02, 0x00, 0x00, 0xE5, 0x4E, 0x02, 0x0E, 0x0D, 0x00, 0x0E, 0x20, 0x10, 0x90,
    0x42, 0x23, 0x08, 0x48, 0x21, 0x20, 0x80, 0x82, 0x04, 0x09, 0x10, 0x3C, 0xE1, 0xC6, 0x40, 0x31,
    0x83, 0x02, 0x00, 0x00, 0xF6, 0x4E, 0x01, 0x0E, 0x0E, 0x00, 0x0E, 0x00, 0x00, 0x4A, 0x01, 0x28,
    0x09, 0xFE, 0x24, 0xC1, 0x92, 0x06, 0x08, 0x08, 0x30, 0x2F, 0xF8, 0x82, 0x02, 0x08, 0x08, 0x20,
    0x20, 0x80, 0x82, 0x00, 0x1A, 0x4F, 0x01, 0x0E, 0x0E, 0x00, 0x0E, 0x03, 0x00, 0x1C, 0x00, 0x48,
    0x02, 0x10, 0x30, 0x31, 0xBF, 0x60, 0x00, 0x00, 0x00, 0x7F, 0xF8, 0x10, 0x00, 0x84, 0x02, 0x08,
    0x7F, 0xF0, 0x00, 0x40, 0x3D, 0x4F, 0x01, 0x0D, 0x0F, 0x00, 0x0E, 0x10, 0x00, 0xA0, 0x09, 0x1E,
    0x48, 0x96, 0xFC, 0xB2, 0x64, 0x93, 0x24, 0x99, 0x24, 0xC9, 0x2A, 0x49, 0x52, 0x52, 0xF2, 0x94,
    0x95, 0xA4, 0x00, 0x00, 0x46, 0x4F, 0x01, 0x0E, 0x0E, 0x00, 0x0E, 0x08, 0x00, 0x4F, 0xC1, 0x21,
    0x0C, 0x84, 0x22, 0x11, 0x8F, 0xC2, 0x21, 0x08, 0x84, 0x22, 0x10, 0x8F, 0xC2, 0x00, 0x08, 0x00,
    0x2F, 0xFC, 0x80, 0x00, 0x4D, 0x4F, 0x01, 0x0E, 0x0E, 0x00, 0x0E, 0x08, 0x80, 0x42, 0x01, 0x08,
    0x09, 0xFE, 0x60, 0x01, 0x88, 0x42, 0x21, 0x08, 0x88, 0x22, 0x20, 0x84, 0x82, 0x12, 0x08, 0x10,
    0x2F, 0xFC, 0x00, 0x00, 0x4E, 0x4F, 0x01, 0x0E, 0x0E, 0x00, 0x0E, 0x00, 0x00, 0x47, 0xC1, 0x64,
    0x09, 0x10, 0x64, 0x43, 0x9F, 0xE2, 0x44, 0x09, 0x10, 0x24, 0x20, 0x90, 0x82, 0x7A, 0x4B, 0x85,
    0x20, 0x18, 0x9F, 0x80, 0x4F, 0x4F, 0x01, 0x0E, 0x0E, 0x00, 0x0E, 0x09, 0x00, 0x42, 0x01, 0x04,
    0x09, 0xFE, 0x60, 0xC1, 0x83, 0x02, 0x0C, 0x09, 0xFE, 0x20, 0xC0, 0x83, 0x02, 0x0C, 0x08, 0x30,
    0x2F, 0xF8, 0x80, 0x00, 0x53, 0x4F, 0x01, 0x0E, 0x0E, 0x00, 0x0E, 0x10, 0x80, 0x42, 0x01, 0x08,
    0x0B, 0xFE, 0x61, 0xC1, 0x87, 0x02, 0x2A, 0x08, 0xA8, 0x24, 0x90, 0x92, 0x62, 0xBE, 0x88, 0x20,
    0x20, 0x80, 0x82, 0x00, 0x5C, 0x4F, 0x01, 0x0E, 0x0E, 0x00, 0x0E, 0x08, 0x00, 0x64, 0x01, 0x10,
    0x04, 0xFE, 0x32, 0x81, 0xD2, 0x07, 0x0F, 0x84, 0x20, 0x10, 0x80, 0x43, 0xE1, 0x08, 0x04, 0x20,
    0x10, 0x80, 0x02, 0x00, 0x7F, 0x4F, 0x00, 0x0E, 0x0F, 0x00, 0x0E, 0x00, 0x00, 0x22, 0x01, 0x08,
    0x07, 0xFE, 0x20, 0x81, 0x9F, 0xE6, 0x48, 0x89, 0x22, 0x27, 0xF8, 0x92, 0x02, 0x28, 0x08, 0xE0,
    0x21, 0x80, 0x99, 0xC2, 0x81, 0x80, 0x8B, 0x4F, 0x01, 0x0D, 0x0E, 0x00, 0x0E, 0x10, 0x08, 0xFC,
    0x49, 0x12, 0x48, 0x96, 0x7C, 0xB2, 0x66, 0xB3, 0x25, 0xA9, 0x23, 0x49, 0x0A, 0x48, 0x82, 0x44,
    0x12, 0x40, 0x94, 0x1C, 0xDD, 0x4F, 0x01, 0x0E, 0x0E, 0x00, 0x0E, 0x00, 0x00, 0x5F, 0xE1, 0x40,
    0x8D, 0x02, 0x24, 0x09, 0x9F, 0xE2, 0x08, 0x0B, 0xFE, 0x21, 0xC0, 0x87, 0x82, 0x29, 0x09, 0x26,
    0x28, 0x88, 0x02, 0x00, 0xE1, 0x4F, 0x01, 0x0E, 0x0E, 0x00, 0x0E, 0x00, 0x00, 0x4F, 0xC1, 0x00,
    0x0F, 0xFE, 0x20, 0x01, 0x8F, 0xCA, 0x00, 0x08, 0xFC, 0x20, 0x00, 0x9F, 0xC2, 0x41, 0x89, 0x06,
    0x27, 0xF8, 0x10, 0x00, 0xA8, 0x50, 0x01, 0x0E, 0x0E, 0x00, 0x0E, 0x10, 0x40, 0x61, 0x22, 0x5F,
    0x88, 0x14, 0x60, 0x71, 0xF7, 0xE2, 0x4C, 0x09, 0x7E, 0x27, 0x88, 0x92, 0x22, 0x4F, 0x89, 0xA2,
    0x24, 0xF8, 0x82, 0x20, 0x65, 0x51, 0x02, 0x0E, 0x0D, 0x00, 0x0E, 0x1F, 0x00, 0x04, 0x00, 0x10,
    0x00, 0xC0, 0x03, 0x00, 0x1E, 0x00, 0x48, 0x01, 0x20, 0x08, 0x40, 0x61, 0x83, 0x03, 0x18, 0x06,
    0x40, 0x08, 0x68, 0x51, 0x02, 0x0E, 0x0C, 0x00, 0x0E, 0x1F, 0x00, 0x1E, 0x00, 0xCC, 0x06, 0x18,
    0x20, 0x19, 0x7F, 0xA0, 0x20, 0x00, 0x80, 0x3F, 0xE0, 0x08, 0x00, 0x20, 0x1F, 0xFE, 0x73, 0x51,
    0x01, 0x0E, 0x0E, 0x00, 0x0E, 0x00, 0x20, 0x21, 0x00, 0x84, 0x0F, 0xFC, 0x03, 0x00, 0x0C, 0x00,
    0x30, 0x1F, 0xFE, 0x03, 0x00, 0x0A, 0x00, 0x4C, 0x06, 0x18, 0x70, 0x39, 0x00, 0x20, 0x78, 0x51,
    0x01, 0x0E, 0x0E, 0x00, 0x0E, 0x04, 0x80, 0x12, 0x03, 0xFF, 0x09, 0x24, 0x24, 0x90, 0x92, 0x43,
    0xFF, 0x09, 0x24, 0x24, 0x91, 0xFF, 0xE0, 0x00, 0x06, 0x18, 0x30, 0x11, 0x00, 0x20, 0x85, 0x51,
    0x01, 0x0C, 0x0F, 0x01, 0x0E, 0x00, 0x00, 0x60, 0x06, 0x0F, 0xFF, 0x84, 0x18, 0x41, 0x86, 0x18,
    0x71, 0x89, 0x99, 0x0D, 0xA0, 0x58, 0x01, 0x80, 0x18, 0x0E, 0x00, 0x00, 0x99, 0x51, 0x02, 0x0E,
    0x0D, 0x00, 0x0E, 0x7F, 0xF9, 0x20, 0x24, 0x80, 0x83, 0xF8, 0x08, 0x00, 0x40, 0x01, 0xFE, 0x00,
    0x18, 0x7F, 0xF8, 0x01, 0x00, 0x04, 0x00, 0x10, 0x03, 0x80, 0xFA, 0x51, 0x01, 0x0C, 0x0E, 0x01,
    0x0E, 0x00, 0x00, 0x40, 0x44, 0x24, 0x42, 0x44, 0x24, 0x42, 0x7F, 0xE0, 0x40, 0x44, 0x24, 0x42,
    0x44, 0x24, 0x42, 0x7F, 0xE4, 0x02, 0x06, 0x52, 0x01, 0x0E, 0x0E, 0x00, 0x0E, 0x07, 0xC0, 0x01,
    0x01, 0x06, 0x04, 0x08, 0x20, 0x31, 0x80, 0x67, 0xFE, 0x81, 0x08, 0x04, 0x20, 0x10, 0x80, 0x82,
    0x06, 0x08, 0x30, 0x60, 0x87, 0x00, 0x17, 0x52, 0x01, 0x0D, 0x0E, 0x00, 0x0E, 0x00, 0x03, 0xF8,
    0x44, 0x22, 0x21, 0x13, 0xE8, 0x91, 0x45, 0x8A, 0x2E, 0xD1, 0x0C, 0x88, 0x64, 0x42, 0x02, 0x30,
    0x13, 0x00, 0xB0, 0x18, 0x1D, 0x52, 0x01, 0x0E, 0x0F, 0x00, 0x0E, 0x10, 0x00, 0x40, 0x01, 0x3F,
    0x9E, 0x22, 0x08, 0x88, 0x22, 0x21, 0x48, 0x8F, 0x22, 0x38, 0x89, 0x54, 0x21, 0x10, 0x84, 0xC2,
    0x12, 0x18, 0x51, 0xC0, 0x00, 0x00, 0x20, 0x52, 0x01, 0x0D, 0x0E, 0x00, 0x0E, 0x00, 0x01, 0xDC,
    0x42, 0x2A, 0x11, 0x50, 0x8A, 0x84, 0x55, 0xFE, 0xA9, 0x15, 0x4C, 0xAA, 0x65, 0x53, 0x22, 0x99,
    0x14, 0xC8, 0x8A, 0x9C, 0x2B, 0x52, 0x01, 0x0D, 0x0E, 0x00, 0x0E, 0x00, 0x03, 0xF0, 0x50, 0x92,
    0x84, 0x94, 0x24, 0xBF, 0x24, 0x41, 0x2F, 0xC9, 0x12, 0x48, 0x92, 0x44, 0x82, 0x44, 0x16, 0x20,
    0xA6, 0x18, 0x30, 0x52, 0x01, 0x0D, 0x0E, 0x00, 0x0E, 0x00, 0x03, 0xF8, 0x44, 0x12, 0x68, 0x92,
    0x24, 0xBF, 0xE4, 0x23, 0x21, 0x09, 0x7E, 0x48, 0x42, 0x42, 0x02, 0x12, 0x17, 0xF0, 0x80, 0x18,
    0x36, 0x52, 0x01, 0x0D, 0x0E, 0x00, 0x0E, 0x08, 0x09, 0x40, 0x5F, 0xD2, 0x90, 0x94, 0x84, 0xBF,
    0xA4, 0x21, 0x2F, 0xE9, 0x49, 0x4A, 0x48, 0x52, 0x42, 0x92, 0x14, 0xB0, 0x84, 0x1C, 0x37, 0x52,
    0x01, 0x0D, 0x0E, 0x00, 0x0E, 0x00, 0x0B, 0xF8, 0x50, 0x52, 0x82, 0x97, 0xF4, 0xA2, 0x25, 0xFD,
    0x2C, 0xA9, 0x65, 0x4B, 0x2A, 0x51, 0x42, 0x8E, 0x14, 0x40, 0x82, 0x1C, 0x6A, 0x52, 0x01, 0x0E,
    0x0E, 0x00, 0x0E, 0x00, 0x00, 0x21, 0x07, 0xFF, 0x8F, 0x84, 0x22, 0x90, 0xFA, 0x43, 0xE9, 0x08,
    0x84, 0x04, 0x31, 0xFF, 0xC0, 0x61, 0x01, 0x04, 0x18, 0x11, 0x83, 0x80, 0x9F, 0x52, 0x01, 0x0E,
    0x0F, 0x00, 0x0E, 0x00, 0x00, 0x02, 0x07, 0xC8, 0x04, 0x20, 0x13, 0xF8, 0x42, 0x21, 0x08, 0x84,
    0x22, 0x10, 0x88, 0x76, 0x27, 0x10, 0x80, 0xC2, 0x06, 0x18, 0x11, 0xC0, 0x00, 0x00, 0xA0, 0x52,
    0x01, 0x0D, 0x0F, 0x00, 0x0E, 0x10, 0x00, 0x80, 0x04, 0x3E, 0xFD, 0x11, 0x28, 0x89, 0x44, 0x4A,
    0x24, 0x51, 0x22, 0x89, 0x14, 0x48, 0xA2, 0x45, 0x14, 0x4F, 0xAE, 0x44, 0x00, 0x00, 0xA1, 0x52,
    0x01, 0x0E, 0x0E, 0x00, 0x0E, 0x04, 0x00, 0x30, 0x00, 0xFF, 0x0E, 0x08, 0x24, 0xC0, 0x1E, 0x07,
    0x83, 0x80, 0x80, 0x3F, 0xF0, 0x18, 0x40, 0x41, 0x02, 0x04, 0x18, 0x21, 0x83, 0x80, 0xA8, 0x52,
    0x01, 0x0E, 0x0F, 0x00, 0x0E, 0x00, 0x41, 0xF9, 0x00, 0x04, 0x00, 0x7E, 0x00, 0x49, 0xF9, 0x21,
    0x04, 0x88, 0x12, 0x24, 0x48, 0x92, 0x26, 0xE8, 0x9C, 0xA2, 0x01, 0x08, 0x05, 0xC0, 0x00, 0x00,
    0x16, 0x53, 0x01, 0x0E, 0x0F, 0x00, 0x0E, 0x01, 0x00, 0x24, 0x01, 0x90, 0x04, 0x46, 0x31, 0x31,
    0xC5, 0x85, 0x18, 0x04, 0xC0, 0x17, 0x00, 0x44, 0x01, 0x10, 0x04, 0x42, 0x11, 0x08, 0x47, 0xE0,
    0x00, 0x00, 0x39, 0x53, 0x02, 0x0D, 0x0D, 0x01, 0x0E, 0xFF, 0xF4, 0x44, 0x22, 0x21, 0x11, 0x08,
    0x88, 0x44, 0x4A, 0x42, 0x56, 0x1C, 0x80, 0x04, 0x00, 0x20, 0x01, 0xFF, 0xE8, 0x00, 0x00, 0x3A,
    0x53, 0x02, 0x0D, 0x0D, 0x01, 0x0E, 0xFF, 0xF4, 0x00, 0x20, 0x31, 0x31, 0x08, 0xD0, 0x43, 0x82,
    0x0C, 0x10, 0x90, 0x98, 0x45, 0x80, 0x20, 0x01, 0xFF, 0xE8, 0x00, 0x00, 0x55, 0x53, 0x01, 0x0E,
    0x0E, 0x00, 0x0E, 0x00, 0x20, 0x21, 0x80, 0x84, 0x0F, 0xFC, 0x22, 0x10, 0xFF, 0xC2, 0x21, 0x08,
    0x84, 0x3F, 0xF0, 0x08, 0x07, 0xFF, 0x80, 0x80, 0x02, 0x00, 0x00, 0x00, 0x61, 0x53, 0x01, 0x0E,
    0x0E, 0x00, 0x0E, 0x02, 0x00, 0x08, 0x00, 0x3F, 0x00, 0x80, 0x02, 0x00, 0x08, 0x07, 0xFF, 0x80,
    0x80, 0x03, 0x00, 0x0B, 0x80, 0x21, 0x00, 0x80, 0x02, 0x00, 0x08, 0x00, 0x73, 0x53, 0x01, 0x0D,
    0x0E, 0x00, 0x0E, 0x00, 0x01, 0xF7, 0xC8, 0xA2, 0x45, 0x13, 0xE8, 0x91, 0x44, 0x8A, 0x27, 0xD1,
    0x20, 0x89, 0x24, 0x4B, 0x2E, 0xF5, 0x04, 0x28, 0x00, 0x40, 0x82, 0x53, 0x02, 0x0E, 0x0D, 0x00,
    0x0E, 0x3F, 0xF8, 0x80, 0x02, 0x00, 0x08, 0x00, 0x20, 0x00, 0x80, 0x02, 0x00, 0x08, 0x00, 0x20,
    0x00, 0x80, 0x04, 0x00, 0x10, 0x00, 0x40, 0x00, 0xD6, 0x53, 0x02, 0x0E, 0x0D, 0x00, 0x0E, 0x7E,
    0x00, 0x8F, 0xE2, 0x20, 0x8F, 0xA2, 0x22, 0x90, 0x8A, 0x43, 0xE5, 0x08, 0x98, 0x26, 0x61, 0xF9,
    0x86, 0x6D, 0x00, 0xE6, 0x00, 0x00, 0xEF, 0x53, 0x02, 0x0E, 0x0D, 0x00, 0x0E, 0x7F, 0xF8, 0x00,
    0xC0, 0x03, 0x00, 0x0C, 0x3F, 0x30, 0x84, 0xC2, 0x13, 0x08, 0x4C, 0x3F, 0x30, 0x80, 0xC0, 0x03,
    0x00, 0x0C, 0x00, 0xE0, 0xF3, 0x53, 0x01, 0x0E, 0x0E, 0x00, 0x0E, 0x02, 0x00, 0x18, 0x00, 0x40,
    0x1F, 0xFE, 0x0C, 0x00, 0x20, 0x01, 0x80, 0x07, 0xFC, 0x38, 0x11, 0xA0, 0x44, 0x81, 0x02, 0x04,
    0x0F, 0xF0, 0x20, 0x40, 0x08, 0x54, 0x01, 0x0E, 0x0E, 0x00, 0x0E, 0x03, 0x00, 0x1C, 0x00, 0x48,
    0x02, 0x18, 0x30, 0x31, 0xFF, 0xE0, 0x00, 0x00, 0x00, 0x1F, 0xE0, 0x40, 0x81, 0x02, 0x04, 0x08,
    0x1F, 0xE0, 0x40, 0x80, 0x0C, 0x54, 0x02, 0x0C, 0x0E, 0x01, 0x0E, 0xFF, 0xF8, 0x01, 0x80, 0x19,
    0xFD, 0x80, 0x19, 0xF9, 0x90, 0x99, 0x09, 0x90, 0x99, 0xF9, 0x90, 0x18, 0x01, 0x80, 0x60, 0x00,
    0x0D, 0x54, 0x01, 0x0D, 0x0E, 0x00, 0x0E, 0x04, 0x00, 0x20, 0x03, 0xF0, 0x20, 0x83, 0x08, 0x24,
    0xC0, 0x1C, 0x00, 0xC0, 0x0F, 0xF1, 0xE0, 0x91, 0x04, 0x08, 0x20, 0x7F, 0x00, 0x08, 0x17, 0x54,
    0x02, 0x0D, 0x0D, 0x01, 0x0E, 0x07, 0xE7, 0x81, 0x25, 0x09, 0x28, 0x49, 0x42, 0x4A, 0x22, 0x5F,
    0xD2, 0x02, 0xF0, 0x14, 0x7E, 0x80, 0x04, 0x00, 0x40, 0x0E, 0x00, 0x26, 0x54, 0x02, 0x0E, 0x0D,
    0x00, 0x0E, 0x7F, 0xF8, 0x04, 0x00, 0x70, 0x03, 0xD8, 0x33, 0x19, 0x0C, 0x20, 0x00, 0x07, 0xFC,
    0x30, 0x10, 0xC0, 0x43, 0x01, 0x0F, 0xFC, 0x00, 0x00, 0x2F, 0x54, 0x01, 0x0D, 0x0E, 0x00, 0x0E,
    0x00, 0x61, 0xFC, 0x08, 0x00, 0x7F, 0xE2, 0x01, 0x10, 0x08, 0xFF, 0xC4, 0x00, 0x20, 0x01, 0x7F,
    0x8A, 0x04, 0x90, 0x24, 0xFF, 0x04, 0x08, 0x7D, 0x54, 0x01, 0x0E, 0x0E, 0x00, 0x0E, 0x03, 0x00,
    0x1E, 0x00, 0xCC, 0x06, 0x18, 0x6F, 0xD9, 0x00, 0x03, 0xDF, 0x09, 0x44, 0x25, 0x10, 0x94, 0x43,
    0xD1, 0x08, 0x4C, 0x01, 0x00, 0x00, 0x00, 0xCD, 0x54, 0x01, 0x0D, 0x0E, 0x01, 0x0E, 0x00, 0x80,
    0x0C, 0x3C, 0x41, 0x2F, 0xE9, 0x41, 0x4A, 0xEA, 0x51, 0x52, 0x8A, 0x94, 0x57, 0xAE, 0xA1, 0x04,
    0x08, 0x20, 0x41, 0x02, 0x18, 0x68, 0x56, 0x02, 0x0E, 0x0D, 0x00, 0x0E, 0x3C, 0xF0, 0x92, 0x42,
    0x49, 0x0F, 0x3C, 0x02, 0x61, 0xFF, 0xE0, 0x84, 0x0C, 0x0C, 0x7C, 0xF8, 0x92, 0x42, 0x49, 0x0F,
    0x3C, 0x04, 0x80, 0xFA, 0x56, 0x02, 0x0C, 0x0D, 0x01, 0x0E, 0xFF, 0xF8, 0x01, 0x84, 0x1B, 0xFD,
    0x84, 0x18, 0x41, 0x9F, 0x99, 0x09, 0x90, 0x99, 0xF9, 0x80, 0x1F, 0xFF, 0x80, 0x10, 0xFE, 0x56,
    0x02, 0x0C, 0x0D, 0x01, 0x0E, 0xFF, 0xF8, 0x01, 0x8F, 0x9B, 0x99, 0xA7, 0x18, 0xF1, 0xB0, 0xD8,
    0x61, 0x80, 0x18, 0xF1, 0x80, 0x1F, 0xFF, 0x80, 0x10, 0x28, 0x57, 0x01, 0x0E, 0x0E, 0x00, 0x0E,
    0x04, 0x00, 0x10, 0x07, 0xFF, 0x82, 0x00, 0x18, 0x80, 0x42, 0x03, 0x08, 0x1D, 0xFE, 0x50, 0x80,
    0x42, 0x01, 0x08, 0x04, 0x20, 0x10, 0x80, 0x5F, 0xE0, 0x30, 0x57, 0x01, 0x0E, 0x0E, 0x00, 0x0E,
    0x00, 0x40, 0x81, 0x02, 0x24, 0x08, 0x96, 0x7A, 0x78, 0x8F, 0x22, 0x64, 0x88, 0x92, 0x22, 0x48,
    0xE9, 0x46, 0x24, 0x00, 0x82, 0x02, 0x08, 0x07, 0xE0, 0x40, 0x57, 0x01, 0x0E, 0x0E, 0x00, 0x0E,
    0x00, 0x40, 0x41, 0x01, 0x04, 0x04, 0x10, 0x7A, 0x40, 0x49, 0x01, 0x27, 0x84, 0x90, 0x12, 0x40,
    0xE9, 0x06, 0x24, 0x00, 0x90, 0x0F, 0xF8, 0x00, 0x00, 0x4F, 0x57, 0x01, 0x0E, 0x0E, 0x00, 0x0E,
    0x00, 0x00, 0x9F, 0xE2, 0x04, 0x08, 0x10, 0x78, 0x80, 0x87, 0x82, 0x39, 0x09, 0xA2, 0x20, 0x80,
    0xE2, 0x07, 0x08, 0x00, 0x20, 0x00, 0x80, 0x02, 0x00, 0x57, 0x57, 0x01, 0x0E, 0x0E, 0x00, 0x0E,
    0x00, 0x80, 0x82, 0x02, 0x08, 0x08, 0xFC, 0x78, 0x90, 0x82, 0x42, 0x09, 0x09, 0xFE, 0x38, 0xC0,
    0xE7, 0x06, 0x12, 0x00, 0xCC, 0x06, 0x18, 0x20, 0x20, 0x82, 0x57, 0x01, 0x0E, 0x0D, 0x00, 0x0E,
    0x00, 0x30, 0xFE, 0x00, 0x20, 0x00, 0x80, 0x7F, 0xF8, 0x48, 0x87, 0xFF, 0x84, 0x88, 0x12, 0x20,
    0x48, 0x87, 0xFF, 0x80, 0x80, 0x7F, 0xF8, 0x8B, 0x57, 0x01, 0x0E, 0x0D, 0x00, 0x0E, 0x00, 0x01,
    0xFD, 0x01, 0x44, 0x05, 0x10, 0x7F, 0x40, 0x91, 0x02, 0x41, 0x11, 0x8C, 0x01, 0x00, 0xFF, 0xC0,
    0x10, 0x00, 0x40, 0x7F, 0xF8, 0x06, 0x58, 0x01, 0x0E, 0x0E, 0x00, 0x0E, 0x01, 0x20, 0x84, 0x82,
    0x32, 0x08, 0xFE, 0x7E, 0x40, 0x99, 0x02, 0x3F, 0x88, 0x90, 0x22, 0x40, 0xEF, 0xE6, 0x24, 0x00,
    0x90, 0x03, 0xF8, 0x08, 0x00, 0x9E, 0x58, 0x01, 0x0E, 0x0E, 0x00, 0x0E, 0x20, 0xE0, 0x88, 0x42,
    0x21, 0x09, 0xFE, 0x7C, 0x88, 0x96, 0xA2, 0x7F, 0x88, 0x00, 0x23, 0xF0, 0xE8, 0x46, 0x3F, 0x00,
    0x84, 0x03, 0xF0, 0x08, 0x40, 0x07, 0x59, 0x01, 0x0E, 0x0E, 0x00, 0x0E, 0x04, 0x00, 0x3F, 0x81,
    0x84, 0x19, 0x20, 0x07, 0x80, 0x73, 0x87, 0x03, 0x8F, 0xFC, 0x23, 0x30, 0x8C, 0xC3, 0xFF, 0x08,
    0xCC, 0x3F, 0xF0, 0x00, 0x00, 0x0D, 0x59, 0x01, 0x0E, 0x0E, 0x00, 0x0E, 0x10, 0x00, 0x7F, 0xE2,
    0x00, 0x17, 0xF8, 0x10, 0x10, 0x7F, 0xC1, 0x01, 0x07, 0xFC, 0x08, 0x00, 0x7F, 0x83, 0x84, 0x01,
    0xE0, 0x0F, 0xC1, 0xC0, 0xE0, 0x16, 0x59, 0x01, 0x0E, 0x0E, 0x00, 0x0E, 0x08, 0x60, 0x41, 0x81,
    0xF6, 0x0C, 0xD8, 0x23, 0xE1, 0x8B, 0x85, 0x26, 0x03, 0x18, 0x04, 0x78, 0x21, 0xB1, 0x86, 0x0C,
    0x18, 0x60, 0x61, 0x00, 0x00, 0x27, 0x59, 0x01, 0x0E, 0x0E, 0x00, 0x0E, 0x03, 0x00, 0x0C, 0x00,
    0x20, 0x00, 0x80, 0x7F, 0xF8, 0x0C, 0x00, 0x30, 0x01, 0xA0, 0x04, 0x80, 0x31, 0x00, 0x86, 0x04,
    0x0C, 0x60, 0x19, 0x00, 0x20, 0x31, 0x59, 0x01, 0x0E, 0x0E, 0x00, 0x0E, 0x02, 0x00, 0x48, 0x01,
    0x30, 0x0F, 0xFC, 0x22, 0x01, 0x08, 0x00, 0x20, 0x1F, 0xFE, 0x03, 0x00, 0x1A, 0x00, 0x48, 0x06,
    0x18, 0x30, 0x31, 0x00, 0x20, 0x39, 0x59, 0x01, 0x0E, 0x0E, 0x00, 0x0E, 0x01, 0x00, 0x0C, 0x07,
    0xFF, 0x80, 0xC0, 0x12, 0x20, 0x49, 0x00, 0x24, 0x1F, 0xFE, 0x03, 0x00, 0x12, 0x00, 0x4C, 0x06,
    0x18, 0x30, 0x39, 0x00, 0x20, 0xCB, 0x59, 0x01, 0x0E, 0x0E, 0x00, 0x0E, 0x10, 0x40, 0x82, 0x02,
    0x08, 0x1F, 0x24, 0x25, 0x18, 0x9F, 0xE4, 0x80, 0x12, 0x00, 0x49, 0xF9, 0xE4, 0x21, 0x90, 0x8D,
    0x42, 0x61, 0xF9, 0x04, 0x20, 0x57, 0x5B, 0x01, 0x0E, 0x0E, 0x00, 0x0E, 0x03, 0x00, 0x0C, 0x07,
    0xFF, 0x90, 0x02, 0x5F, 0xE8, 0x03, 0x00, 0x18, 0x00, 0xC0, 0x7F, 0xF8, 0x0C, 0x00, 0x30, 0x00,
    0xC0, 0x03, 0x00, 0x38, 0x00, 0x58, 0x5B, 0x01, 0x0E, 0x0E, 0x00, 0x0E, 0x04, 0x00, 0x10, 0x07,
    0xFF, 0x82, 0x00, 0x08, 0x00, 0x4F, 0xC3, 0x03, 0x0C, 0x10, 0x70, 0x40, 0x5F, 0xE1, 0x04, 0x04,
    0x10, 0x10, 0x40, 0x4E, 0x00, 0x8C, 0x5B, 0x01, 0x0E, 0x0F, 0x00, 0x0E, 0x03, 0x00, 0x0C, 0x07,
    0xFF, 0x90, 0x02, 0x5F, 0xE8, 0x00, 0x00, 0x00, 0x1F, 0xFE, 0x08, 0x80, 0x22, 0x00, 0x88, 0x06,
    0x22, 0x30, 0x89, 0x83, 0xE0, 0x00, 0x00, 0x9A, 0x5B, 0x01, 0x0E, 0x0F, 0x00, 0x0E, 0x03, 0x00,
    0x0C, 0x07, 0xFF, 0x90, 0x02, 0x40, 0x08, 0x7F, 0x80, 0x30, 0x04, 0xC0, 0x13, 0xF0, 0x4C, 0x03,
    0xB0, 0x0A, 0xC0, 0x67, 0x01, 0x0F, 0xE0, 0x00, 0x00, 0xB6, 0x5B, 0x00, 0x0E, 0x0F, 0x00, 0x0E,
    0x00, 0x00, 0x0C, 0x07, 0xFF, 0x90, 0x02, 0x40, 0x08, 0x7F, 0x80, 0x68, 0x07, 0x24, 0x66, 0xE0,
    0x25, 0x03, 0x36, 0x01, 0x48, 0x19, 0x19, 0x84, 0x20, 0x60, 0x00, 0xC6, 0x5B, 0x01, 0x0E, 0x0E,
    0x00, 0x0E, 0x02, 0x01, 0xFF, 0xE4, 0x40, 0x90, 0x92, 0x09, 0xC0, 0xA6, 0x46, 0xB1, 0x93, 0x92,
    0x3F, 0xC1, 0x88, 0x02, 0x21, 0x08, 0x84, 0x3F, 0xF0, 0x80, 0x40, 0xF9, 0x5B, 0x01, 0x0E, 0x0E,
    0x00, 0x0E, 0x00, 0x10, 0x00, 0x47, 0xC1, 0x01, 0x04, 0x05, 0xF8, 0x10, 0x42, 0x41, 0x06, 0x44,
    0x18, 0x90, 0x72, 0x41, 0x41, 0x0C, 0x84, 0x60, 0x11, 0x01, 0x80, 0xFB, 0x5B, 0x02, 0x0E, 0x0D,
    0x00, 0x0E, 0x3F, 0xE0, 0x00, 0x81, 0xFE, 0x00, 0x08, 0x3F, 0xE0, 0x01, 0x00, 0x04, 0x1F, 0xFE,
    0x08, 0x40, 0x31, 0x00, 0x44, 0x00, 0x10, 0x01, 0xC0, 0x01, 0x5C, 0x01, 0x0E, 0x0E, 0x00, 0x0E,
    0x10, 0x10, 0x40, 0x47, 0xE1, 0x04, 0x04, 0x11, 0xF9, 0xF8, 0x40, 0x09, 0x04, 0x24, 0x7E, 0x50,
    0x40, 0x41, 0x01, 0x07, 0x84, 0x7C, 0x10, 0x01, 0xC0, 0x06, 0x5C, 0x01, 0x0E, 0x0E, 0x00, 0x0E,
    0x10, 0x30, 0x5F, 0x85, 0x08, 0x95, 0x26, 0x32, 0x90, 0x48, 0x81, 0x03, 0x05, 0xFE, 0x30, 0x31,
    0xC8, 0xC5, 0x13, 0x04, 0x4C, 0x10, 0x30, 0x43, 0x80, 0x0F, 0x5C, 0x01, 0x0E, 0x0E, 0x00, 0x0E,
    0x00, 0x00, 0x0C, 0x00, 0x30, 0x00, 0xC0, 0x13, 0x20, 0xCC, 0xC2, 0x31, 0x08, 0xC6, 0x63, 0x09,
    0x0C, 0x20, 0x30, 0x80, 0xC0, 0x03, 0x00, 0x38, 0x00, 0x45, 0x5C, 0x02, 0x0E, 0x0D, 0x00, 0x0E,
    0x3F, 0xF0, 0x80, 0x42, 0x01, 0x0F, 0xFC, 0x20, 0x80, 0xFF, 0xE2, 0x08, 0x08, 0x20, 0x2F, 0xF1,
    0xA0, 0x44, 0x81, 0x13, 0xFC, 0x08, 0x10, 0x4F, 0x5C, 0x02, 0x0E, 0x0D, 0x00, 0x0E, 0x3F, 0xF0,
    0x80, 0x43, 0xFF, 0x09, 0x08, 0x26, 0x20, 0xBF, 0xE2, 0x24, 0x08, 0x90, 0x3F, 0xF9, 0x11, 0x04,
    0x44, 0x12, 0x10, 0x10, 0x00, 0x55, 0x5C, 0x02, 0x0E, 0x0D, 0x00, 0x0E, 0x3F, 0xF0, 0x80, 0x42,
    0x01, 0x0F, 0xFC, 0x22, 0x40, 0xBF, 0xE2, 0x24, 0x0F, 0xFE, 0x24, 0x91, 0x93, 0x84, 0x46, 0x13,
    0xEC, 0x00, 0x08, 0x5E, 0x5C, 0x02, 0x0D, 0x0D, 0x00, 0x0E, 0x3F, 0xF1, 0x00, 0x8F, 0xFC, 0x40,
    0x42, 0xF8, 0x17, 0xF8, 0xA0, 0x45, 0xFE, 0x20, 0x02, 0x7F, 0xD1, 0xFA, 0x80, 0x50, 0x03, 0x00,
    0x29, 0x5D, 0x01, 0x0D, 0x0F, 0x00, 0x0E, 0x00, 0x01, 0x10, 0xC8, 0x86, 0x7F, 0xF0, 0x00, 0x1E,
    0x7C, 0x92, 0x27, 0x9F, 0x24, 0x89, 0x24, 0x5F, 0x3E, 0x8A, 0x14, 0x51, 0xA6, 0x98, 0x00, 0x00,
    0xE6, 0x5D, 0x01, 0x0E, 0x0E, 0x00, 0x0E, 0x04, 0x00, 0x10, 0x00, 0x40, 0x1F, 0xFE, 0x08, 0x00,
    0x20, 0x00, 0x80, 0x07, 0xFE, 0x10, 0x80, 0x82, 0x02, 0x08, 0x10, 0x20, 0x1F, 0xF8, 0x00, 0x00,
    0xF2, 0x5D, 0x02, 0x0D, 0x0D, 0x01, 0x0E, 0xFF, 0xE0, 0x03, 0x00, 0x18, 0x80, 0xC4, 0x06, 0x3F,
    0xF1, 0x00, 0x08, 0x00, 0x40, 0x12, 0x00, 0x90, 0x04, 0x7F, 0xC0, 0x00, 0x00, 0x55, 0x5E, 0x01,
    0x0E, 0x0E, 0x00, 0x0E, 0x08, 0x41, 0xFF, 0xE0, 0x84, 0x0F, 0xFC, 0x20, 0x10, 0xFF, 0xC3, 0xFF,
    0x01, 0x00, 0x7F, 0xF8, 0x48, 0x87, 0xFF, 0x84, 0x88, 0x12, 0x60, 0x00, 0x00, 0x73, 0x5E, 0x02,
    0x0E, 0x0D, 0x00, 0x0E, 0x7F, 0xF0, 0x0C, 0x00, 0xA4, 0x04, 0x88, 0x12, 0x30, 0x88, 0x40, 0x30,
    0x1F, 0xFE, 0x02, 0x00, 0x08, 0x00, 0x20, 0x00, 0x80, 0x02, 0x00, 0x76, 0x5E, 0x01, 0x0E, 0x0E,
    0x00, 0x0E, 0x10, 0x20, 0x21, 0x00, 0x84, 0x1F, 0xFE, 0x08, 0x40, 0x21, 0x00, 0x84, 0x02, 0x10,
    0x7F, 0xF8, 0x21, 0x01, 0x84, 0x04, 0x10, 0x20, 0x41, 0x01, 0x00, 0x8F, 0x5E, 0x01, 0x0E, 0x0E,
    0x00, 0x0E, 0x01, 0x00, 0x04, 0x03, 0xFF, 0x88, 0x00, 0x2F, 0xF0, 0x81, 0x82, 0x3C, 0x08, 0x60,
    0x3F, 0xF8, 0x02, 0x44, 0x0B, 0x10, 0x20, 0x40, 0x80, 0x1C, 0x00, 0x94, 0x5E, 0x01, 0x0E, 0x0E,
    0x00, 0x0E, 0x01, 0x00, 0x04, 0x03, 0xFF, 0x88, 0x00, 0x21, 0x10, 0xA4, 0x42, 0x91, 0x0B, 0x6C,
    0x24, 0xA0, 0x90, 0x84, 0x04, 0x10, 0x10, 0x5F, 0xF8, 0x00, 0x00, 0xA6, 0x5E, 0x01, 0x0E, 0x0E,
    0x00, 0x0E, 0x01, 0x00, 0x04, 0x03, 0xFF, 0x88, 0x08, 0x3F, 0xF8, 0x90, 0x82, 0x42, 0x09, 0xF8,
    0x20, 0x00, 0x7F, 0xC4, 0x62, 0x10, 0xF0, 0x47, 0xE0, 0x70, 0x60, 0xFA, 0x5E, 0x01, 0x0E, 0x0E,
    0x00, 0x0E, 0x00, 0x81, 0xCF, 0xC1, 0x09, 0x0B, 0xFE, 0x20, 0x91, 0xFF, 0xC4, 0x88, 0x05, 0xFC,
    0x50, 0x80, 0xDF, 0xE3, 0x08, 0x0E, 0x00, 0x47, 0xF8, 0x00, 0x00, 0x00, 0x5F, 0x02, 0x0E, 0x0D,
    0x00, 0x0E, 0x7F, 0xF8, 0x21, 0x00, 0x84, 0x02, 0x10, 0x08, 0x41, 0xFF, 0xE0, 0x84, 0x02, 0x10,
    0x18, 0x40, 0x41, 0x03, 0x04, 0x18, 0x10, 0x40, 0x40, 0x0A, 0x5F, 0x01, 0x0E, 0x0E, 0x00, 0x0E,
    0x08, 0x40, 0xA9, 0x04, 0xAF, 0x9F, 0xE4, 0x4A, 0x71, 0xB9, 0x86, 0xAF, 0x11, 0x82, 0x08, 0x41,
    0xFF, 0xE0, 0x84, 0x06, 0x10, 0x30, 0x40, 0x81, 0x00, 0x0F, 0x5F, 0x01, 0x0E, 0x0E, 0x00, 0x0E,
    0x00, 0xA0, 0x02, 0x40, 0x08, 0x1F, 0xFE, 0x00, 0x80, 0x02, 0x07, 0xE8, 0x02, 0x30, 0x08, 0x40,
    0x21, 0x00, 0x84, 0x03, 0xDA, 0x7C, 0x28, 0x00, 0x60, 0x3A, 0x5F, 0x02, 0x0E, 0x0D, 0x00, 0x0E,
    0x7B, 0xF0, 0x28, 0x40, 0xA1, 0x1E, 0xFC, 0x40, 0x41, 0x0F, 0xE7, 0xA4, 0x92, 0x92, 0x0B, 0xF8,
    0x21, 0x40, 0x85, 0x83, 0xFE, 0x30, 0x08, 0x85, 0x5F, 0x01, 0x0E, 0x0F, 0x00, 0x0E, 0x10, 0x00,
    0xC3, 0x06, 0x7F, 0x90, 0x30, 0x10, 0xC0, 0xDF, 0xE3, 0x02, 0x1C, 0x08, 0x17, 0xF8, 0x40, 0x81,
    0x22, 0x04, 0x48, 0x10, 0x20, 0x43, 0x80, 0x00, 0x00, 0xC3, 0x5F, 0x01, 0x0E, 0x0E, 0x00, 0x0E,
    0x04, 0x00, 0x1C, 0x00, 0x18, 0x00, 0x00, 0x00, 0x00, 0x20, 0x02, 0x81, 0x0A, 0x04, 0x68, 0x09,
    0x20, 0x24, 0x82, 0xC2, 0x08, 0x08, 0x20, 0x1F, 0x00, 0xD7, 0x5F, 0x01, 0x0E, 0x0E, 0x00, 0x0E,
    0x02, 0x00, 0x08, 0x07, 0xFF, 0x80, 0x80, 0x02, 0x00, 0x08, 0x03, 0xFF, 0x00, 0x00, 0x03, 0x00,
    0xA4, 0x82, 0x81, 0x0A, 0x06, 0x48, 0x48, 0x1F, 0x00, 0xD9, 0x5F, 0x01, 0x0E, 0x0E, 0x00, 0x0E,
    0x10, 0x40, 0x41, 0x01, 0x04, 0x17, 0xFE, 0x53, 0x01, 0x44, 0x01, 0x10, 0x04, 0x40, 0x11, 0x00,
    0x44, 0x01, 0x10, 0x04, 0x40, 0x11, 0xF8, 0x00, 0x00, 0x01, 0x60, 0x01, 0x0E, 0x0E, 0x00, 0x0E,
    0x03, 0x00, 0x08, 0x07, 0xFF, 0x80, 0xC0, 0x04, 0x80, 0x13, 0x01, 0xE6, 0x1C, 0x4E, 0x40, 0x08,
    0xAC, 0x42, 0x91, 0x0A, 0x0E, 0x48, 0x28, 0x3F, 0x00, 0x27, 0x60, 0x01, 0x0E, 0x0E, 0x00, 0x0E,
    0x20, 0x40, 0x89, 0x03, 0x24, 0x1E, 0xFE, 0x6C, 0x41, 0x91, 0x02, 0x44, 0x08, 0x10, 0x23, 0xF8,
    0x81, 0x02, 0x04, 0x08, 0x10, 0x27, 0xF8, 0x00, 0x00, 0x3B, 0x60, 0x01, 0x0E, 0x0E, 0x00, 0x0E,
    0x08, 0x40, 0x21, 0x00, 0x48, 0x07, 0xF8, 0x10, 0x20, 0x40, 0x81, 0x02, 0x07, 0xF8, 0x02, 0x00,
    0x24, 0x42, 0x89, 0x12, 0x02, 0x48, 0x28, 0x3F, 0x00, 0x62, 0x60, 0x01, 0x0E, 0x0E, 0x00, 0x0E,
    0x22, 0x00, 0x88, 0x03, 0xFF, 0x9E, 0x90, 0x6A, 0x41, 0x8D, 0x22, 0x14, 0x89, 0x54, 0x24, 0x60,
    0x91, 0x82, 0x4A, 0x09, 0x24, 0x29, 0x18, 0xA8, 0x00, 0x6F, 0x60, 0x00, 0x0E, 0x0F, 0x00, 0x0E,
    0x00, 0x00, 0x08, 0x01, 0xFE, 0x04, 0x08, 0x1F, 0xE0, 0x40, 0x81, 0xFE, 0x04, 0x08, 0x10, 0x20,
    0x7F, 0x80, 0x20, 0x0A, 0x4C, 0x28, 0x19, 0x21, 0x20, 0x7C, 0x00, 0xA8, 0x60, 0x01, 0x0E, 0x0E,
    0x00, 0x0E, 0x00, 0x00, 0x48, 0x03, 0x3F, 0x8D, 0x22, 0x72, 0x90, 0x4A, 0x41, 0x49, 0x04, 0x20,
    0x11, 0x80, 0x08, 0x02, 0x93, 0x0A, 0x04, 0x48, 0x48, 0x1F, 0x00, 0x0F, 0x62, 0x01, 0x0E, 0x0E,
    0x00, 0x0E, 0x00, 0x80, 0x02, 0xC7, 0xC9, 0x01, 0x20, 0x4F, 0xF8, 0xA2, 0x03, 0x89, 0x06, 0x24,
    0x18, 0xF0, 0xE1, 0x82, 0x44, 0x10, 0x3A, 0x01, 0x38, 0x00, 0x60, 0x10, 0x62, 0x01, 0x0E, 0x0F,
    0x00, 0x0E, 0x00, 0x80, 0x02, 0xC0, 0x09, 0x0F, 0xFE, 0x20, 0x80, 0x82, 0x43, 0xC9, 0x09, 0x2C,
    0x24, 0xE0, 0x91, 0x82, 0x44, 0x17, 0x32, 0x43, 0x29, 0x08, 0x60, 0x00, 0x00, 0x16, 0x62, 0x01,
    0x0E, 0x0E, 0x00, 0x0E, 0x00, 0xA0, 0x02, 0xC0, 0x08, 0x1F, 0xFE, 0x00, 0x80, 0xFA, 0x42, 0x29,
    0x08, 0xAC, 0x22, 0xE0, 0xF9, 0x80, 0x04, 0x07, 0xB2, 0x71, 0x28, 0x08, 0x60, 0x2A, 0x62, 0x01,
    0x0E, 0x0E, 0x00, 0x0E, 0x08, 0x81, 0xFA, 0x40, 0x88, 0x82, 0x20, 0x7F, 0xF8, 0x92, 0x03, 0xE5,
    0x1A, 0x14, 0x7E, 0x70, 0xA1, 0x83, 0xE6, 0x0A, 0x38, 0x3F, 0xA8, 0x04, 0x60, 0x40, 0x62, 0x01,
    0x0E, 0x0E, 0x00, 0x0E, 0x04, 0x18, 0xE3, 0xC4, 0x18, 0x1F, 0xE0, 0x43, 0x81, 0x0F, 0xF4, 0x31,
    0x10, 0xC4, 0x7F, 0x11, 0x04, 0x44, 0x11, 0x10, 0xC4, 0x42, 0x10, 0x00, 0x40, 0x4B, 0x62, 0x01,
    0x0E, 0x0E, 0x00, 0x0E, 0x00, 0x70, 0xFC, 0x00, 0x30, 0x00, 0xC0, 0x3F, 0xF8, 0x0C, 0x00, 0x30,
    0x00, 0xC0, 0x7F, 0xF8, 0x0C, 0x00, 0x30, 0x00, 0xC0, 0x03, 0x00, 0x38, 0x00, 0x4D, 0x62, 0x01,
    0x0E, 0x0E, 0x00, 0x0E, 0x01, 0x00, 0x04, 0x00, 0x10, 0x1F, 0xFE, 0x01, 0x00, 0x04, 0xC0, 0x16,
    0x00, 0x70, 0x03, 0x00, 0x3C, 0x07, 0x10, 0x10, 0x40, 0x01, 0x00, 0x38, 0x00, 0x53, 0x62, 0x00,
    0x0E, 0x0F, 0x00, 0x0E, 0x00, 0x00, 0x40, 0x01, 0x3F, 0x84, 0x08, 0x7C, 0x20, 0x40, 0x81, 0x02,
    0x04, 0x08, 0x3C, 0x21, 0xC0, 0x81, 0x02, 0x04, 0x08, 0x10, 0x20, 0x40, 0x87, 0x1E, 0x00, 0x69,
    0x62, 0x01, 0x0E, 0x0F, 0x00, 0x0E, 0x20, 0x40, 0x81, 0x02, 0x3F, 0x9E, 0x80, 0x22, 0x00, 0x88,
    0x02, 0x20, 0x0E, 0x80, 0x72, 0x00, 0x88, 0x02, 0x60, 0x09, 0x00, 0x24, 0x01, 0xA0, 0x00, 0x00,
    0x00, 0x6B, 0x62, 0x01, 0x0D, 0x0E, 0x00, 0x0E, 0x10, 0x00, 0x80, 0x04, 0xFE, 0x20, 0x17, 0xC0,
    0x88, 0x04, 0x4F, 0xEF, 0x01, 0x70, 0x08, 0x80, 0x44, 0x02, 0x20, 0x11, 0x3F, 0xB0, 0x04, 0x7E,
    0x62, 0x01, 0x0E, 0x0E, 0x00, 0x0E, 0x10, 0x00, 0x42, 0x81, 0x09, 0x1E, 0x22, 0x13, 0xF0, 0x42,
    0x01, 0x09, 0x0E, 0x24, 0x70, 0xE0, 0x41, 0x81, 0x0C, 0x04, 0x78, 0x13, 0x29, 0x80, 0x60, 0xDF,
    0x62, 0x01, 0x0E, 0x0E, 0x00, 0x0E, 0x10, 0x00, 0x48, 0x61, 0x21, 0x1E, 0xA4, 0x12, 0xD0, 0x49,
    0x41, 0x21, 0x0E, 0x84, 0x72, 0x10, 0x4E, 0x81, 0x63, 0x04, 0x14, 0x11, 0x89, 0x8C, 0x20, 0xE9,
    0x62, 0x01, 0x0E, 0x0F, 0x00, 0x0E, 0x00, 0x00, 0x8F, 0xC2, 0x11, 0x1E, 0x28, 0x20, 0xC0, 0x8E,
    0xC3, 0x61, 0x8E, 0x10, 0x73, 0xF0, 0x81, 0x02, 0x7F, 0x88, 0x10, 0x20, 0x41, 0x81, 0x00, 0x00,
    0x00, 0x01, 0x63, 0x01, 0x0E, 0x0E, 0x00, 0x0E, 0x20, 0x40, 0x81, 0x02, 0x3F, 0x9E, 0x10, 0x20,
    0x40, 0x9F, 0xE2, 0x01, 0x0E, 0x04, 0x77, 0xF8, 0x80, 0x42, 0x11, 0x08, 0x44, 0x20, 0x11, 0x81,
    0x80, 0x02, 0x63, 0x01, 0x0E, 0x0E, 0x00, 0x0E, 0x00, 0x40, 0x41, 0x01, 0x3F, 0x9E, 0x10, 0x10,
    0x40, 0x5F, 0xE1, 0x00, 0x0E, 0x10, 0x70, 0x40, 0xCF, 0xE1, 0x04, 0x04, 0x10, 0x37, 0xF9, 0x80,
    0x00, 0x09, 0x63, 0x01, 0x0E, 0x0E, 0x00, 0x0E, 0x00, 0x40, 0x41, 0x01, 0x7F, 0x9F, 0x02, 0x14,
    0x88, 0x42, 0x01, 0x7F, 0x8E, 0x44, 0x71, 0x10, 0x4C, 0x81, 0x3E, 0x04, 0x38, 0x31, 0x99, 0x98,
    0x20, 0x5F, 0x63, 0x01, 0x0E, 0x0E, 0x00, 0x0E, 0x20, 0x00, 0x8F, 0xC2, 0x21, 0x1E, 0xFC, 0x20,
    0x00, 0x8F, 0xC2, 0x20, 0x8E, 0x82, 0xE2, 0x48, 0x8B, 0x22, 0x28, 0x08, 0x68, 0x27, 0x19, 0x90,
    0x20, 0x62, 0x63, 0x01, 0x0E, 0x0E, 0x00, 0x0E, 0x21, 0x00, 0x87, 0xC2, 0x22, 0x1F, 0x88, 0x27,
    0xF0, 0x89, 0x42, 0x25, 0x0E, 0xA4, 0x67, 0xF8, 0x83, 0x02, 0x16, 0x08, 0xC8, 0x26, 0x11, 0xB0,
    0x20, 0xA5, 0x63, 0x01, 0x0E, 0x0E, 0x00, 0x0E, 0x00, 0x40, 0x41, 0x01, 0x7F, 0x9E, 0x4C, 0x31,
    0x20, 0x5F, 0xE1, 0x08, 0x0E, 0x60, 0x77, 0xF8, 0x44, 0xC1, 0x32, 0x04, 0x78, 0x31, 0xF1, 0x98,
    0x20, 0xA7, 0x63, 0x01, 0x0E, 0x0E, 0x00, 0x0E, 0x20, 0x40, 0x81, 0x02, 0x7F, 0x89, 0x4A, 0x7D,
    0x28, 0x84, 0x83, 0x63, 0x9C, 0x00, 0x23, 0xF8, 0x81, 0x02, 0x04, 0x08, 0x10, 0x27, 0xF9, 0x80,
    0x00, 0xCF, 0x63, 0x01, 0x0E, 0x0E, 0x00, 0x0E, 0x21, 0x00, 0x84, 0x82, 0x7F, 0x9E, 0x48, 0x21,
    0x20, 0x80, 0x02, 0x3F, 0x8E, 0x92, 0x62, 0x48, 0x8F, 0xE2, 0x24, 0x88, 0x92, 0x23, 0xF9, 0x80,
    0x20, 0x47, 0x64, 0x01, 0x0E, 0x0E, 0x00, 0x0E, 0x20, 0x10, 0x9F, 0x02, 0x09, 0x9E, 0xA4, 0x22,
    0x10, 0x8F, 0xE2, 0x44, 0x0E, 0x10, 0x67, 0xF8, 0x81, 0x02, 0x44, 0x89, 0x12, 0x27, 0xF9, 0x80,
    0x20, 0xAD, 0x64, 0x01, 0x0E, 0x0E, 0x00, 0x0E, 0x20, 0x30, 0x9F, 0x02, 0x21, 0x1E, 0x00, 0x27,
    0xF8, 0x87, 0x82, 0x21, 0x0F, 0x02, 0xE3, 0xF8, 0x88, 0x22, 0x3F, 0x88, 0x82, 0x23, 0xF9, 0x80,
    0x00, 0x2F, 0x65, 0x01, 0x0E, 0x0E, 0x00, 0x0E, 0x02, 0x00, 0x0C, 0x07, 0xFF, 0x80, 0xC0, 0x03,
    0x00, 0x0C, 0x03, 0xFE, 0x04, 0x08, 0x08, 0x40, 0x33, 0x00, 0x78, 0x01, 0xE0, 0x3C, 0xF1, 0x80,
    0x60, 0x36, 0x65, 0x01, 0x0E, 0x0E, 0x00, 0x0E, 0x08, 0x80, 0x22, 0x04, 0x90, 0x12, 0x7E, 0x49,
    0x19, 0x2C, 0x44, 0xE9, 0x12, 0x2C, 0x48, 0xE1, 0xE1, 0x84, 0x86, 0x02, 0x2C, 0x0B, 0x18, 0x38,
    0x20, 0x39, 0x65, 0x01, 0x0E, 0x0E, 0x00, 0x0E, 0x00, 0x81, 0xF2, 0x00, 0x58, 0x01, 0x7E, 0x05,
    0x11, 0xFE, 0x44, 0x69, 0x10, 0x2C, 0x40, 0xE1, 0x11, 0x84, 0x46, 0x1F, 0x28, 0x03, 0x18, 0x18,
    0x20, 0x3E, 0x65, 0x01, 0x0E, 0x0E, 0x00, 0x0E, 0x10, 0x80, 0x42, 0x01, 0x08, 0x1F, 0xBE, 0x21,
    0x90, 0x86, 0x43, 0xF9, 0x09, 0x24, 0x24, 0x60, 0x91, 0x82, 0x46, 0x19, 0x3C, 0x45, 0x98, 0x68,
    0x20, 0x48, 0x65, 0x01, 0x0E, 0x0E, 0x00, 0x0E, 0x00, 0x40, 0x21, 0x07, 0xF8, 0x00, 0x3E, 0x24,
    0x91, 0x0E, 0x44, 0x5D, 0x09, 0x14, 0x18, 0x60, 0x60, 0x81, 0xC6, 0x0D, 0x3C, 0x61, 0x99, 0x04,
    0x20, 0x87, 0x65, 0x01, 0x0E, 0x0E, 0x00, 0x0E, 0x00, 0x00, 0x0C, 0x00, 0x30, 0x1F, 0xFE, 0x10,
    0x20, 0x61, 0x80, 0x84, 0x03, 0x30, 0x05, 0x80, 0x0C, 0x00, 0x78, 0x03, 0x30, 0x70, 0x79, 0x00,
    0x20, 0xAD, 0x65, 0x01, 0x0D, 0x0E, 0x01, 0x0E, 0x00, 0x04, 0x83, 0x2D, 0x41, 0x7A, 0x09, 0x10,
    0x7E, 0xFE, 0x64, 0x97, 0xA4, 0xB5, 0x26, 0x89, 0x20, 0x89, 0xFC, 0x48, 0x62, 0x02, 0x10, 0xB0,
    0x65, 0x01, 0x0E, 0x0E, 0x00, 0x0E, 0x10, 0x00, 0x40, 0x87, 0xE8, 0x09, 0x20, 0x24, 0x81, 0xFB,
    0xE1, 0x09, 0x04, 0x24, 0x7F, 0x90, 0x64, 0x43, 0xD1, 0x14, 0x44, 0x13, 0x10, 0x08, 0x40, 0xB9,
    0x65, 0x01, 0x0E, 0x0E, 0x00, 0x0E, 0x02, 0x00, 0x08, 0x00, 0x20, 0x1F, 0xFE, 0x04, 0x00, 0x10,
    0x00, 0x7F, 0x01, 0x0C, 0x08, 0x20, 0x20, 0x81, 0x82, 0x04, 0x08, 0x20, 0x21, 0x07, 0x00, 0xCB,
    0x65, 0x01, 0x0E, 0x0F, 0x00, 0x0E, 0x10, 0x80, 0x44, 0x01, 0x1F, 0x9F, 0xC0, 0x22, 0x00, 0x87,
    0xE3, 0xC4, 0x89, 0x50, 0x25, 0x78, 0x95, 0x02, 0x54, 0x12, 0x70, 0x4A, 0xC0, 0x69, 0xE0, 0x00,
    0x00, 0xE0, 0x65, 0x02, 0x0E, 0x0E, 0x00, 0x0E, 0x3F, 0xF0, 0x08, 0x00, 0x20, 0x00, 0x80, 0x02,
    0x01, 0xFF, 0xE0, 0x20, 0x00, 0xC0, 0x05, 0x00, 0x14, 0x00, 0x90, 0x8C, 0x42, 0x60, 0xF8, 0x00,
    0x00, 0xE5, 0x65, 0x02, 0x0A, 0x0D, 0x02, 0x0E, 0xFF, 0xF0, 0x3C, 0x07, 0x01, 0xC0, 0x7F, 0xFC,
    0x07, 0x01, 0xC0, 0x70, 0x1C, 0x07, 0xFF, 0x00, 0x40, 0xF6, 0x65, 0x01, 0x0D, 0x0E, 0x01, 0x0E,
    0x00, 0x27, 0x81, 0x22, 0x09, 0x1F, 0xE8, 0x82, 0x44, 0x13, 0xE8, 0x91, 0x64, 0x89, 0x24, 0x41,
    0x3E, 0x09, 0x00, 0x48, 0x02, 0x00, 0xE0, 0x2F, 0x66, 0x02, 0x0E, 0x0E, 0x00, 0x0E, 0x3F, 0xF0,
    0x80, 0x43, 0xFF, 0x08, 0x04, 0x3F, 0xF0, 0x00, 0x07, 0xFF, 0x84, 0x40, 0x11, 0xF0, 0xC4, 0x02,
    0x90, 0x19, 0xC0, 0x43, 0xF8, 0x00, 0x00, 0x3E, 0x66, 0x02, 0x0E, 0x0D, 0x00, 0x0E, 0x3F, 0xF0,
    0x80, 0x43, 0xFF, 0x08, 0x04, 0x20, 0x10, 0xFF, 0xC0, 0x48, 0x09, 0x24, 0x24, 0xB0, 0x52, 0x80,
    0x48, 0x1F, 0xFE, 0x00, 0x00, 0xF4, 0x66, 0x02, 0x0E, 0x0E, 0x00, 0x0E, 0x7F, 0xF8, 0x04, 0x03,
    0xFF, 0x08, 0x44, 0x21, 0x10, 0xFF, 0xC2, 0x11, 0x0F, 0xFC, 0x12, 0x00, 0x68, 0x00, 0xC0, 0x07,
    0xE0, 0x60, 0xF8, 0x00, 0x00, 0x00, 0x67, 0x01, 0x0E, 0x0E, 0x00, 0x0E, 0x1F, 0xE0, 0x80, 0x43,
    0xFF, 0x08, 0x04, 0x3F, 0xF0, 0x00, 0x07, 0xFF, 0x88, 0x80, 0x3F, 0xF8, 0x8A, 0x43, 0xE7, 0x09,
    0x98, 0x7E, 0xF0, 0x0C, 0x20, 0x09, 0x67, 0x01, 0x0E, 0x0F, 0x00, 0x0E, 0x04, 0x00, 0x10, 0x07,
    0xFF, 0x82, 0x00, 0x08, 0x00, 0x7F, 0x83, 0x82, 0x1B, 0xF8, 0x08, 0x20, 0x20, 0x80, 0xFE, 0x02,
    0x08, 0x08, 0x20, 0x23, 0x80, 0x00, 0x00, 0x0D, 0x67, 0x02, 0x0E, 0x0D, 0x00, 0x0E, 0x3D, 0xF8,
    0x14, 0x20, 0x50, 0x8F, 0x4C, 0x05, 0x01, 0x17, 0xE4, 0x58, 0x9F, 0x52, 0x45, 0x51, 0x14, 0xC4,
    0x53, 0x11, 0x56, 0x19, 0x88, 0x1F, 0x67, 0x01, 0x0D, 0x0F, 0x00, 0x0E, 0x20, 0x01, 0x27, 0xDF,
    0xA2, 0x49, 0x13, 0xCF, 0x92, 0x44, 0x92, 0x27, 0x91, 0x24, 0xFB, 0xF4, 0x40, 0x22, 0x49, 0x16,
    0x70, 0xA0, 0x9C, 0x00, 0x00, 0x2A, 0x67, 0x01, 0x0E, 0x0E, 0x00, 0x0E, 0x00, 0x00, 0x0C, 0x00,
    0x30, 0x0F, 0xFC, 0x03, 0x00, 0x0C, 0x07, 0xFF, 0x81, 0xE0, 0x07, 0x80, 0x2D, 0x01, 0x32, 0x18,
    0xC6, 0x43, 0x08, 0x08, 0x00, 0x2C, 0x67, 0x01, 0x0E, 0x0E, 0x00, 0x0E, 0x03, 0x00, 0x0C, 0x00,
    0x30, 0x1F, 0xFE, 0x03, 0x00, 0x1E, 0x00, 0xFC, 0x02, 0xD0, 0x13, 0x20, 0xCC, 0xC6, 0xFD, 0x80,
    0xC0, 0x03, 0x00, 0x08, 0x00, 0x2F, 0x67, 0x01, 0x0E, 0x0E, 0x00, 0x0E, 0x01, 0x00, 0x0D, 0x80,
    0x33, 0x00, 0xC0, 0x7F, 0xF8, 0x0C, 0x00, 0x78, 0x01, 0xD0, 0x0B, 0x60, 0x4C, 0xC2, 0x31, 0x90,
    0xC2, 0x03, 0x00, 0x04, 0x00, 0x3A, 0x67, 0x01, 0x0E, 0x0F, 0x00, 0x0E, 0x10, 0x00, 0x47, 0xC1,
    0x11, 0x1F, 0x44, 0x11, 0x10, 0xC4, 0x43, 0x91, 0x0F, 0x44, 0x55, 0x11, 0x44, 0x41, 0x21, 0x44,
    0x85, 0x16, 0x14, 0x50, 0x60, 0x00, 0x00, 0x43, 0x67, 0x01, 0x0E, 0x0E, 0x00, 0x0E, 0x10, 0x00,
    0x40, 0x01, 0x3F, 0x84, 0x02, 0x7D, 0x08, 0x44, 0x43, 0x11, 0x0E, 0x24, 0x34, 0xA1, 0x43, 0x85,
    0x04, 0x04, 0x28, 0x13, 0x18, 0x58, 0x20, 0x46, 0x67, 0x01, 0x0E, 0x0E, 0x00, 0x0E, 0x10, 0x00,
    0x4F, 0xE1, 0x04, 0x1F, 0x10, 0x10, 0x40, 0xC1, 0x03, 0xBF, 0x8D, 0x10, 0x54, 0x41, 0x41, 0x01,
    0x04, 0x04, 0x10, 0x10, 0x40, 0x41, 0x00, 0x7F, 0x67, 0x01, 0x0E, 0x0E, 0x00, 0x0E, 0x10, 0x00,
    0x4F, 0xE1, 0x20, 0x1F, 0x80, 0x12, 0x00, 0xCF, 0xE3, 0x38, 0x8E, 0xA4, 0x56, 0x91, 0x49, 0xC1,
    0x26, 0x05, 0x98, 0x14, 0x98, 0x44, 0x20, 0xD3, 0x67, 0x01, 0x0E, 0x0E, 0x00, 0x0E, 0x01, 0x00,
    0xC4, 0x00, 0x7E, 0x18, 0x48, 0x02, 0x20, 0xC8, 0xA6, 0xC3, 0x80, 0xC0, 0x7F, 0xF8, 0x1E, 0x00,
    0xB4, 0x04, 0xCC, 0x63, 0x18, 0x00, 0x00, 0xE5, 0x67, 0x01, 0x0E, 0x0D, 0x00, 0x0E, 0x00, 0x00,
    0x08, 0x07, 0xFF, 0x81, 0xE0, 0x0A, 0x40, 0x48, 0xC6, 0x01, 0x87, 0xF8, 0x10, 0x20, 0x7F, 0x81,
    0xFE, 0x00, 0x00, 0x7F, 0xF8, 0x07, 0x68, 0x01, 0x0E, 0x0F, 0x00, 0x0E, 0x10, 0x00, 0x47, 0xE1,
    0x00, 0x1F, 0x00, 0x30, 0x00, 0xCF, 0xE3, 0x84, 0x0D, 0x10, 0x51, 0x53, 0x49, 0x61, 0x24, 0x85,
    0x92, 0x10, 0x40, 0x47, 0x00, 0x00, 0x00, 0x08, 0x68, 0x01, 0x0E, 0x0E, 0x00, 0x0E, 0x10, 0x80,
    0x42, 0x81, 0x09, 0x1E, 0x3C, 0x33, 0x80, 0xC2, 0x03, 0x8F, 0x8E, 0xF0, 0x50, 0x49, 0x41, 0x41,
    0x06, 0x04, 0x38, 0x13, 0x28, 0x40, 0x60, 0x38, 0x68, 0x01, 0x0E, 0x0E, 0x00, 0x0E, 0x10, 0x40,
    0x41, 0x01, 0x7F, 0x9E, 0x20, 0x10, 0x90, 0xCC, 0xC3, 0x92, 0x0E, 0x32, 0x51, 0x99, 0x4C, 0x41,
    0x06, 0x04, 0x34, 0x13, 0x08, 0x50, 0x20, 0x3C, 0x68, 0x01, 0x0E, 0x0E, 0x00, 0x0E, 0x10, 0x80,
    0x42, 0x01, 0x1F, 0x04, 0x44, 0x7F, 0x30, 0x43, 0x83, 0x8C, 0x0C, 0x40, 0x57, 0xF9, 0x48, 0x41,
    0x21, 0x04, 0x84, 0x13, 0xF0, 0x40, 0x00, 0x46, 0x68, 0x01, 0x0E, 0x0E, 0x00, 0x0E, 0x10, 0x00,
    0x4F, 0xE1, 0x20, 0x1F, 0xFE, 0x32, 0x20, 0xC8, 0x83, 0xAF, 0x8F, 0x88, 0x52, 0x21, 0x48, 0x81,
    0x3F, 0x84, 0x80, 0x13, 0xF8, 0x48, 0x00, 0x63, 0x68, 0x01, 0x0D, 0x0E, 0x00, 0x0E, 0x10, 0x40,
    0x92, 0x44, 0x94, 0xF4, 0xA3, 0x05, 0x18, 0x20, 0xFF, 0xE7, 0x01, 0x50, 0x0A, 0x9F, 0xC4, 0x02,
    0x20, 0x11, 0x7F, 0x88, 0x04, 0xC0, 0x68, 0x01, 0x0E, 0x0E, 0x00, 0x0E, 0x00, 0x80, 0x03, 0x00,
    0x16, 0x1E, 0xCC, 0x26, 0x18, 0xD7, 0xA3, 0x80, 0x1A, 0x20, 0x62, 0x11, 0x09, 0x40, 0x22, 0x00,
    0x08, 0x07, 0xF8, 0x00, 0x00, 0xFD, 0x69, 0x01, 0x0E, 0x0F, 0x00, 0x0E, 0x10, 0xA0, 0x5F, 0xE1,
    0x0A, 0x1E, 0xFE, 0x30, 0xA8, 0xCF, 0xE3, 0x0A, 0x8E, 0xFE, 0x58, 0x01, 0x4C, 0x41, 0x3F, 0x04,
    0x84, 0x12, 0x10, 0x4F, 0xC0, 0x00, 0x00, 0x21, 0x6A, 0x01, 0x0E, 0x0E, 0x00, 0x0E, 0x21, 0x20,
    0x9F, 0xE2, 0x12, 0x1E, 0xFC, 0x32, 0x10, 0xCF, 0xC3, 0xA1, 0x1A, 0xFC, 0x60, 0x81, 0x82, 0x02,
    0x7F, 0x88, 0x38, 0x23, 0x30, 0x90, 0x20, 0x21, 0x6B, 0x01, 0x0E, 0x0E, 0x00, 0x0E, 0x02, 0x00,
    0x08, 0x00, 0x20, 0x1D, 0xFE, 0x04, 0x88, 0x32, 0x60, 0x89, 0x00, 0x20, 0x19, 0xC0, 0xC5, 0x04,
    0x26, 0x01, 0x8C, 0x0C, 0x18, 0x40, 0x20, 0x22, 0x6B, 0x01, 0x0E, 0x0E, 0x00, 0x0E, 0x00, 0x00,
    0x04, 0x07, 0xDF, 0x81, 0x42, 0x4D, 0x49, 0xA9, 0x02, 0x84, 0x06, 0x10, 0x18, 0xC0, 0x62, 0x82,
    0xDA, 0x10, 0x44, 0x02, 0x18, 0x10, 0x20, 0x62, 0x6B, 0x01, 0x0E, 0x0E, 0x00, 0x0E, 0x01, 0x00,
    0x04, 0x00, 0x10, 0x00, 0x40, 0x11, 0x00, 0x47, 0xE1, 0x10, 0x04, 0x40, 0x11, 0x00, 0x44, 0x01,
    0x10, 0x04, 0x40, 0x7F, 0xF8, 0x00, 0x00, 0x64, 0x6B, 0x01, 0x0E, 0x0E, 0x00, 0x0E, 0x08, 0x80,
    0x22, 0x00, 0x88, 0x0A, 0x20, 0x28, 0x98, 0xBB, 0xC2, 0x8C, 0x0A, 0x20, 0x28, 0x80, 0xA2, 0x02,
    0x88, 0x4B, 0xA2, 0x78, 0xF8, 0x00, 0x00, 0x65, 0x6B, 0x01, 0x0E, 0x0E, 0x00, 0x0E, 0x00, 0x00,
    0x4C, 0x01, 0x3F, 0x04, 0xC0, 0x13, 0x01, 0xFF, 0xE0, 0x30, 0x04, 0xCC, 0x63, 0x20, 0x19, 0x00,
    0x0C, 0x00, 0xC0, 0x1E, 0x00, 0xC0, 0x00, 0xD4, 0x6B, 0x01, 0x0E, 0x0E, 0x00, 0x0E, 0x00, 0x80,
    0x82, 0x02, 0x08, 0x08, 0x20, 0x30, 0x98, 0xFB, 0x82, 0x08, 0x08, 0x20, 0x20, 0x80, 0x82, 0x02,
    0x08, 0x08, 0xA2, 0x3E, 0x89, 0x83, 0xE0, 0x34, 0x6C, 0x01, 0x0E, 0x0E, 0x00, 0x0E, 0x00, 0x00,
    0x0C, 0x00, 0x30, 0x00, 0xC6, 0x7F, 0x10, 0x2C, 0x80, 0xBC, 0x02, 0xE0, 0x13, 0x40, 0x4D, 0x82,
    0x33, 0x10, 0xC6, 0x03, 0x08, 0x38, 0x00, 0x60, 0x6C, 0x01, 0x0E, 0x0E, 0x00, 0x0E, 0x00, 0x40,
    0xC1, 0x00, 0x24, 0x00, 0x96, 0x02, 0xE9, 0x9F, 0x20, 0xE4, 0x80, 0x92, 0x02, 0x48, 0x49, 0xC3,
    0x20, 0x08, 0x82, 0x62, 0x09, 0x0F, 0xE0, 0xA1, 0x6C, 0x01, 0x0E, 0x0E, 0x00, 0x0E, 0x00, 0x00,
    0xCF, 0x81, 0x22, 0x00, 0x88, 0x06, 0x21, 0x90, 0xE0, 0x00, 0x01, 0xFC, 0x02, 0x10, 0x44, 0x83,
    0x1C, 0x08, 0x70, 0x67, 0x30, 0x30, 0x20, 0xD5, 0x6C, 0x01, 0x0E, 0x0E, 0x00, 0x0E, 0x00, 0x80,
    0xC2, 0x01, 0x08, 0x01, 0xFE, 0x00, 0x80, 0xC2, 0x00, 0xFF, 0x80, 0x40, 0x11, 0x00, 0x4C, 0x82,
    0x21, 0x08, 0x86, 0x6F, 0xF8, 0x00, 0x20, 0xE2, 0x6C, 0x01, 0x0E, 0x0E, 0x00, 0x0E, 0x00, 0x80,
    0xC2, 0x00, 0x7F, 0x81, 0x22, 0x44, 0x89, 0x92, 0x00, 0x7F, 0x01, 0x44, 0x15, 0x30, 0x52, 0x82,
    0xCC, 0x0A, 0x38, 0x4B, 0x30, 0x08, 0x20, 0x3B, 0x6D, 0x01, 0x0E, 0x0E, 0x00, 0x0E, 0x00, 0x10,
    0xCF, 0xC1, 0x2C, 0x00, 0x10, 0x00, 0x41, 0x3F, 0xE2, 0x04, 0x00, 0x10, 0x13, 0xF0, 0x50, 0x42,
    0x41, 0x09, 0x04, 0x47, 0xF0, 0x00, 0x00, 0x4B, 0x6D, 0x01, 0x0D, 0x0E, 0x00, 0x0E, 0x00, 0x09,
    0xFC, 0x42, 0x2A, 0x15, 0x50, 0xAA, 0xB5, 0x54, 0x2A, 0xA1, 0x55, 0x0A, 0xA9, 0x55, 0x48, 0x82,
    0x4A, 0x14, 0x48, 0xA4, 0x1C, 0x4F, 0x6D, 0x01, 0x0D, 0x0E, 0x00, 0x0E, 0x00, 0x0B, 0x10, 0x48,
    0x8A, 0x1F, 0x50, 0x12, 0xA0, 0x94, 0x94, 0xA0, 0xC5, 0x02, 0x29, 0x19, 0x49, 0x42, 0x4B, 0x14,
    0x80, 0x80, 0x1C, 0x88, 0x6D, 0x01, 0x0E, 0x0F, 0x00, 0x0E, 0x00, 0x80, 0xCA, 0x41, 0x29, 0x01,
    0x22, 0x00, 0x89, 0x8F, 0xC0, 0x21, 0x00, 0xFC, 0x12, 0x10, 0x48, 0x43, 0x3F, 0x08, 0x84, 0x62,
    0x11, 0x09, 0xC0, 0x00, 0x00, 0xFB, 0x6D, 0x01, 0x0E, 0x0E, 0x00, 0x0E, 0x00, 0x30, 0xDF, 0x00,
    0x08, 0x00, 0x40, 0x0F, 0xF9, 0x88, 0x80, 0x63, 0x03, 0x46, 0x09, 0x00, 0x95, 0x42, 0x54, 0x8A,
    0x4A, 0x41, 0x01, 0x0C, 0x00, 0x05, 0x6E, 0x01, 0x0E, 0x0E, 0x00, 0x0E, 0x00, 0x80, 0xDF, 0xE0,
    0x08, 0x01, 0xFC, 0x4F, 0xF8, 0x80, 0x00, 0x3F, 0x00, 0x84, 0x13, 0xF0, 0x48, 0x42, 0x3F, 0x08,
    0x84, 0x42, 0x10, 0x08, 0xC0, 0x32, 0x6E, 0x01, 0x0E, 0x0E, 0x00, 0x0E, 0x00, 0x80, 0xC2, 0x01,
    0xFF, 0x82, 0x02, 0x03, 0xF1, 0x80, 0x00, 0x3F, 0x00, 0x84, 0x13, 0xF0, 0x48, 0x42, 0x3F, 0x08,
    0x00, 0x40, 0x00, 0x3F, 0xE0, 0x38, 0x6E, 0x01, 0x0E, 0x0E, 0x00, 0x0E, 0x02, 0x00, 0x89, 0x01,
    0x27, 0x83, 0xF0, 0x04, 0x81, 0x91, 0xE0, 0x71, 0x01, 0x4C, 0x21, 0xF8, 0xA4, 0x82, 0x92, 0x12,
    0x48, 0x51, 0x21, 0x59, 0x80, 0x83, 0x6E, 0x01, 0x0E, 0x0E, 0x00, 0x0E, 0x00, 0x80, 0xDF, 0xC1,
    0x49, 0x01, 0xFC, 0x00, 0x81, 0xBF, 0xE0, 0x00, 0x01, 0xFC, 0x04, 0x10, 0x52, 0x43, 0x49, 0x08,
    0x20, 0x63, 0x30, 0x10, 0x20, 0x90, 0x6E, 0x01, 0x0E, 0x0E, 0x00, 0x0E, 0x00, 0x00, 0xDF, 0xE0,
    0x44, 0x01, 0x7E, 0x45, 0x09, 0x94, 0x20, 0x5F, 0x81, 0x42, 0x0D, 0xF8, 0xE1, 0x02, 0x95, 0x8A,
    0x92, 0x52, 0x48, 0x43, 0x00, 0xD1, 0x6E, 0x00, 0x0E, 0x0F, 0x00, 0x0E, 0x00, 0x00, 0x8F, 0xC1,
    0x21, 0x00, 0xBC, 0x02, 0x91, 0xBF, 0xE2, 0x80, 0x83, 0xFE, 0x02, 0x10, 0x4F, 0xC1, 0x21, 0x08,
    0xFC, 0x22, 0x11, 0x08, 0x40, 0x27, 0x00, 0xDA, 0x6E, 0x01, 0x0E, 0x0E, 0x00, 0x0E, 0x00, 0x80,
    0xBF, 0xE0, 0x00, 0x00, 0x38, 0x44, 0x11, 0xB4, 0x20, 0x12, 0x01, 0xFC, 0x11, 0x80, 0x4D, 0x42,
    0xE6, 0x08, 0x88, 0x43, 0xD0, 0x18, 0x20, 0xE4, 0x6E, 0x01, 0x0E, 0x0E, 0x00, 0x0E, 0x00, 0x80,
    0x83, 0xE1, 0x08, 0x01, 0xFE, 0x04, 0x09, 0x9F, 0x82, 0x48, 0x80, 0x3C, 0x08, 0x00, 0xA1, 0x02,
    0xB0, 0x8A, 0xC2, 0x4D, 0x10, 0x43, 0x80, 0x75, 0x70, 0x02, 0x0E, 0x0D, 0x00, 0x0E, 0x1F, 0xE0,
    0x00, 0x87, 0xFF, 0x80, 0x08, 0x3F, 0xE0, 0x08, 0x01, 0x31, 0x04, 0xC8, 0x23, 0x20, 0x12, 0x00,
    0xCC, 0x0E, 0x1C, 0x40, 0x18, 0xB9, 0x70, 0x01, 0x0E, 0x0E, 0x00, 0x0E, 0x02, 0x00, 0x08, 0x00,
    0x3F, 0x80, 0x80, 0x02, 0x00, 0xFF, 0xC2, 0x01, 0x08, 0x04, 0x3F, 0xF0, 0x00, 0x02, 0x09, 0x09,
    0x24, 0x44, 0x89, 0x10, 0x00, 0xED, 0x70, 0x01, 0x0E, 0x0E, 0x00, 0x0E, 0x10, 0x80, 0x42, 0x07,
    0xFF, 0x04, 0x24, 0x10, 0x90, 0x7E, 0x47, 0x19, 0x04, 0x74, 0x12, 0x14, 0xD0, 0x20, 0x00, 0x09,
    0x24, 0x44, 0x89, 0x10, 0x20, 0x48, 0x72, 0x01, 0x0E, 0x0E, 0x00, 0x0E, 0x08, 0x01, 0x27, 0xE4,
    0x90, 0x12, 0x40, 0x7D, 0x01, 0x07, 0xE4, 0x18, 0x9E, 0x64, 0x49, 0x51, 0x21, 0xC4, 0xA2, 0x12,
    0x9C, 0x4A, 0xD8, 0x32, 0x20, 0xB6, 0x72, 0x01, 0x0E, 0x0E, 0x00, 0x0E, 0x00, 0x80, 0x42, 0x41,
    0x09, 0x14, 0x22, 0x30, 0x80, 0xDF, 0xE1, 0x0C, 0x04, 0x30, 0x30, 0xC1, 0xC4, 0x85, 0x12, 0x04,
    0xC4, 0x16, 0x18, 0x70, 0x20, 0x87, 0x73, 0x01, 0x0E, 0x0E, 0x00, 0x0E, 0x02, 0x00, 0x08, 0x07,
    0xFF, 0x80, 0x80, 0x24, 0x90, 0x54, 0x80, 0x28, 0x0D, 0xBC, 0x4F, 0x48, 0x08, 0x07, 0xFF, 0x80,
    0x80, 0x02, 0x00, 0x08, 0x00, 0xA9, 0x73, 0x02, 0x0E, 0x0E, 0x00, 0x0E, 0x7B, 0xF8, 0x40, 0x01,
    0x00, 0x04, 0x00, 0x10, 0x01, 0xFF, 0xE1, 0x12, 0x04, 0x48, 0x11, 0x20, 0xF4, 0x87, 0x22, 0x01,
    0x89, 0x0C, 0x38, 0x00, 0x00, 0x06, 0x74, 0x02, 0x0E, 0x0C, 0x00, 0x0E, 0x7B, 0xF8, 0x89, 0x22,
    0x24, 0x88, 0xFE, 0x7A, 0x48, 0x89, 0x22, 0x3F, 0x88, 0x10, 0x23, 0xF8, 0xE1, 0x04, 0x04, 0x03,
    0xFF, 0x1F, 0x75, 0x01, 0x0E, 0x0E, 0x00, 0x0E, 0x01, 0x00, 0x4C, 0x01, 0x30, 0x0F, 0xFE, 0x23,
    0x01, 0x0C, 0x00, 0x30, 0x0F, 0xFC, 0x03, 0x00, 0x0C, 0x00, 0x30, 0x00, 0xC0, 0x7F, 0xF8, 0x00,
    0x00, 0x28, 0x75, 0x02, 0x0D, 0x0E, 0x00, 0x0E, 0x3F, 0xF1, 0x08, 0x88, 0x44, 0x42, 0x23, 0xFF,
    0x10, 0x88, 0x84, 0x47, 0xFE, 0x21, 0x11, 0x08, 0x98, 0x44, 0x82, 0x24, 0x17, 0x00, 0x00, 0x35,
    0x75, 0x01, 0x0D, 0x0E, 0x01, 0x0E, 0x04, 0x00, 0x20, 0x1F, 0xF8, 0x88, 0x44, 0x42, 0x22, 0x11,
    0xFF, 0x88, 0x84, 0x44, 0x23, 0xFF, 0x11, 0x00, 0x08, 0x20, 0x61, 0x01, 0xF8, 0x3B, 0x75, 0x02,
    0x0E, 0x0D, 0x00, 0x0E, 0x7F, 0xF8, 0x08, 0x00, 0x20, 0x13, 0xF2, 0x42, 0x49, 0x09, 0x24, 0xFC,
    0x90, 0x92, 0x42, 0x49, 0x3F, 0x24, 0x00, 0x9F, 0xFE, 0x40, 0x08, 0x59, 0x75, 0x01, 0x0D, 0x0E,
    0x00, 0x0E, 0x04, 0x01, 0xCF, 0xC8, 0x12, 0x51, 0x12, 0x48, 0x9F, 0xCD, 0x8C, 0xC0, 0x00, 0x3F,
    0xF1, 0x10, 0x8F, 0xFC, 0x44, 0x23, 0xFF, 0x00, 0x00, 0x84, 0x76, 0x01, 0x0C, 0x0E, 0x01, 0x0E,
    0x21, 0x02, 0x10, 0x21, 0xFF, 0xA1, 0x8A, 0x18, 0xC1, 0x89, 0x1F, 0x99, 0x88, 0x98, 0x81, 0x88,
    0x1F, 0x82, 0x80, 0x20, 0x0E, 0xD8, 0x76, 0x00, 0x0E, 0x0E, 0x00, 0x0E, 0x00, 0x00, 0x08, 0x01,
    0xFE, 0x04, 0x88, 0x11, 0x21, 0xFF, 0xE1, 0x02, 0x08, 0xC8, 0x61, 0x60, 0x00, 0x03, 0xFF, 0x09,
    0x24, 0x24, 0x91, 0xFF, 0xE0, 0xEE, 0x76, 0x02, 0x0A, 0x0D, 0x02, 0x0E, 0xFF, 0xE0, 0x18, 0x06,
    0x01, 0xFF, 0xE0, 0x18, 0x07, 0xFF, 0x80, 0x60, 0x18, 0x07, 0xFF, 0x80, 0x40, 0xF4, 0x76, 0x01,
    0x0E, 0x0E, 0x00, 0x0E, 0x01, 0x00, 0x04, 0x07, 0xFF, 0x80, 0x80, 0x0F, 0xF0, 0xA0, 0x42, 0xFF,
    0x0A, 0x04, 0x2F, 0xF0, 0xA0, 0x42, 0xFE, 0x08, 0x00, 0x3F, 0xF8, 0x80, 0x00, 0xE5, 0x77, 0x01,
    0x0D, 0x0E, 0x00, 0x0E, 0x20, 0x01, 0x07, 0xDF, 0xA2, 0x91, 0x14, 0x88, 0x84, 0x45, 0xFE, 0x22,
    0x11, 0x18, 0x88, 0xE4, 0x4D, 0x22, 0x45, 0xF4, 0x08, 0x80, 0x00, 0x01, 0x78, 0x02, 0x0E, 0x0D,
    0x00, 0x0E, 0x7B, 0xF0, 0x80, 0x42, 0x11, 0x08, 0x44, 0x79, 0x11, 0xA4, 0x86, 0x9F, 0x9A, 0x02,
    0x28, 0x08, 0xAF, 0xA3, 0x80, 0x88, 0x04, 0x00, 0x70, 0x6C, 0x78, 0x02, 0x0E, 0x0D, 0x00, 0x0E,
    0x7F, 0xF8, 0x81, 0x02, 0x3F, 0x88, 0x92, 0x22, 0x49, 0xEF, 0xE6, 0xA4, 0x9A, 0xFE, 0x2A, 0x40,
    0xA6, 0x03, 0x98, 0x08, 0xD8, 0x06, 0x18, 0x6E, 0x78, 0x01, 0x0D, 0x0E, 0x00, 0x0E, 0x00, 0x83,
    0xEF, 0x08, 0x48, 0x46, 0x42, 0x3F, 0x9D, 0x25, 0xA7, 0xED, 0x49, 0x6A, 0x49, 0x5F, 0xCA, 0x82,
    0x74, 0x12, 0x20, 0x82, 0x1C, 0xC1, 0x78, 0x01, 0x0E, 0x0E, 0x00, 0x0E, 0x00, 0x11, 0xE4, 0x42,
    0x11, 0x09, 0xFE, 0x21, 0x00, 0x88, 0x87, 0xA2, 0x13, 0xB2, 0x4B, 0x31, 0x24, 0x40, 0xAA, 0x8E,
    0xAA, 0x07, 0xF8, 0x00, 0x00, 0x3A, 0x79, 0x02, 0x0E, 0x0D, 0x00, 0x0E, 0x3F, 0xF0, 0x00, 0x00,
    0x00, 0x00, 0x00, 0x7F, 0xF8, 0x0C, 0x00, 0x30, 0x04, 0xC8, 0x33, 0x30, 0x8C, 0x44, 0x31, 0x80,
    0xC2, 0x0E, 0x00, 0xD2, 0x79, 0x01, 0x0E, 0x0E, 0x00, 0x0E, 0x08, 0x41, 0xC1, 0x01, 0x04, 0x04,
    0x54, 0x7E, 0x48, 0x49, 0x23, 0x24, 0x0E, 0x10, 0x54, 0xD1, 0x40, 0x41, 0x02, 0x04, 0x10, 0x13,
    0x80, 0x48, 0x00, 0xF0, 0x79, 0x01, 0x0E, 0x0E, 0x00, 0x0E, 0x00, 0x01, 0xE4, 0x05, 0x10, 0x04,
    0x7E, 0x12, 0x41, 0xF9, 0x01, 0x04, 0x0E, 0x54, 0x3D, 0x49, 0x49, 0x25, 0x24, 0x84, 0x10, 0x10,
    0x40, 0x43, 0x00, 0xFB, 0x79, 0x01, 0x0E, 0x0E, 0x00, 0x0E, 0x08, 0x41, 0xC3, 0xC1, 0x31, 0x04,
    0xAC, 0x7C, 0x60, 0x43, 0x03, 0x34, 0x0E, 0x3E, 0x55, 0x89, 0x4E, 0x41, 0x07, 0x04, 0x18, 0x11,
    0x80, 0x48, 0x00, 0x0B, 0x7A, 0x01, 0x0E, 0x0F, 0x00, 0x0E, 0x00, 0x01, 0xEF, 0xE1, 0x20, 0x84,
    0x82, 0x7E, 0x08, 0x4F, 0xE3, 0x01, 0x0E, 0xF0, 0x14, 0x41, 0x41, 0x05, 0x7F, 0x84, 0x10, 0x10,
    0x40, 0x4F, 0xE0, 0x00, 0x00, 0x7A, 0x7A, 0x01, 0x0E, 0x0D, 0x00, 0x0E, 0x02, 0x00, 0x08, 0x07,
    0xFF, 0x91, 0x22, 0x4C, 0x88, 0x22, 0x23, 0x0F, 0x00, 0x00, 0x3F, 0xF0, 0x08, 0x00, 0x20, 0x00,
    0x80, 0x7F, 0xF8, 0xCB, 0x7A, 0x01, 0x0E, 0x0E, 0x00, 0x0E, 0x02, 0x00, 0x0C, 0x00, 0x30, 0x1F,
    0xFE, 0x00, 0x00, 0x40, 0x81, 0x86, 0x02, 0x10, 0x08, 0x40, 0x21, 0x00, 0x88, 0x00, 0x20, 0x7F,
    0xF8, 0x00, 0x00, 0xD9, 0x7A, 0x01, 0x0E, 0x0E, 0x00, 0x0E, 0x10, 0x40, 0x41, 0x01, 0x04, 0x1F,
    0x1E, 0x00, 0x41, 0x21, 0x02, 0x84, 0x0A, 0x7E, 0x29, 0x08, 0xAC, 0x23, 0xF0, 0x98, 0x42, 0x01,
    0xF8, 0x00, 0x20, 0x49, 0x7B, 0x01, 0x0E, 0x0E, 0x00, 0x0E, 0x20, 0x80, 0xFF, 0xE5, 0x14, 0x12,
    0x88, 0x03, 0x00, 0xFF, 0xC0, 0x30, 0x1F, 0xFE, 0x00, 0x41, 0xFF, 0xE1, 0x04, 0x02, 0x10, 0x04,
    0x40, 0x07, 0x00, 0x7E, 0x7B, 0x00, 0x0E, 0x0F, 0x00, 0x0E, 0x00, 0x00, 0x82, 0x03, 0xFF, 0x9A,
    0x48, 0x4B, 0x20, 0x0C, 0x00, 0xCC, 0x06, 0x18, 0x6F, 0xD8, 0x00, 0x01, 0x22, 0x04, 0x48, 0x09,
    0x40, 0x01, 0x07, 0xFF, 0x80, 0x80, 0x7B, 0x01, 0x0E, 0x0E, 0x00, 0x0E, 0x10, 0x80, 0xFB, 0xE2,
    0x92, 0x10, 0x48, 0x00, 0x00, 0x5F, 0xE0, 0x01, 0x9B, 0xF6, 0x68, 0x59, 0xBF, 0x66, 0x85, 0x9B,
    0xF6, 0x60, 0x19, 0x80, 0xC0, 0x97, 0x7B, 0x01, 0x0E, 0x0E, 0x00, 0x0E, 0x20, 0x80, 0xFF, 0xE4,
    0xB2, 0x07, 0xFC, 0x30, 0x10, 0xFF, 0xC3, 0x01, 0x0F, 0xFC, 0x3F, 0xF0, 0x21, 0x07, 0xFF, 0x82,
    0x10, 0x30, 0x41, 0x01, 0x00, 0xA1, 0x7B, 0x01, 0x0E, 0x0E, 0x00, 0x0E, 0x20, 0x80, 0xFF, 0xE5,
    0x36, 0x00, 0x80, 0x7F, 0xF9, 0x00, 0x25, 0xFE, 0x84, 0x08, 0x1F, 0xE0, 0x40, 0x01, 0xFF, 0x04,
    0x04, 0x1F, 0xF0, 0x40, 0x40, 0x7B, 0x7C, 0x01, 0x0E, 0x0E, 0x00, 0x0E, 0x00, 0x00, 0x48, 0x80,
    0xA4, 0x1F, 0xFE, 0x07, 0x80, 0x29, 0x07, 0x23, 0x90, 0x10, 0x02, 0x21, 0xFF, 0xE0, 0x30, 0x01,
    0x20, 0x38, 0x71, 0x80, 0x60, 0xBE, 0x7C, 0x01, 0x0E, 0x0E, 0x00, 0x0E, 0x10, 0x41, 0x5F, 0xE5,
    0x04, 0x16, 0x7C, 0x10, 0x41, 0xFF, 0xE3, 0x00, 0x0C, 0x7E, 0x38, 0x49, 0x51, 0x25, 0x1F, 0x84,
    0x02, 0x10, 0x08, 0x40, 0xC0, 0xFB, 0x7C, 0x01, 0x0E, 0x0E, 0x00, 0x0E, 0x00, 0x31, 0xFE, 0x00,
    0x40, 0x02, 0x30, 0x39, 0x80, 0x64, 0x00, 0x66, 0x03, 0x0C, 0x7F, 0xF8, 0x0C, 0x21, 0x36, 0x0C,
    0xCC, 0x63, 0x18, 0x08, 0x00, 0xA7, 0x7E, 0x01, 0x0E, 0x0E, 0x00, 0x0E, 0x10, 0x00, 0x4F, 0xC2,
    0x12, 0x08, 0x48, 0x49, 0x21, 0xC5, 0xE1, 0x18, 0x88, 0x64, 0x78, 0x91, 0x09, 0x80, 0xE6, 0x1C,
    0x9C, 0x45, 0x98, 0x14, 0x20, 0xC8, 0x7E, 0x01, 0x0E, 0x0E, 0x00, 0x0E, 0x10, 0x80, 0x42, 0x02,
    0x1F, 0x08, 0xC4, 0x4E, 0xA1, 0xE1, 0x81, 0x0E, 0x08, 0xC6, 0x7A, 0x89, 0x81, 0x80, 0x00, 0x07,
    0x60, 0x60, 0x60, 0x00, 0x40, 0xCF, 0x7E, 0x01, 0x0E, 0x0D, 0x00, 0x0E, 0x10, 0x00, 0x4F, 0xC2,
    0x03, 0x08, 0x08, 0x48, 0xC1, 0xE6, 0xC1, 0x71, 0x88, 0x00, 0x7B, 0xF9, 0x81, 0x00, 0x04, 0x1E,
    0x10, 0x07, 0xF8, 0xD8, 0x7E, 0x01, 0x0E, 0x0E, 0x00, 0x0E, 0x10, 0x40, 0x83, 0x02, 0x1A, 0x0A,
    0x4C, 0x5A, 0x19, 0xD7, 0xC3, 0x00, 0x08, 0x00, 0x7B, 0xF9, 0x82, 0x00, 0x12, 0x0E, 0xC4, 0x47,
    0xF8, 0x00, 0x20, 0xDC, 0x7E, 0x01, 0x0E, 0x0E, 0x00, 0x0E, 0x00, 0x80, 0x46, 0x03, 0x1F, 0x88,
    0xC4, 0x4E, 0xB1, 0xE3, 0x81, 0x1B, 0x09, 0x82, 0x79, 0xF1, 0x00, 0x40, 0x01, 0x0E, 0x04, 0x61,
    0xF0, 0x00, 0x00, 0xDF, 0x7E, 0x01, 0x0E, 0x0F, 0x00, 0x0E, 0x10, 0x40, 0x41, 0x02, 0x3F, 0x8A,
    0x20, 0x49, 0x11, 0xC4, 0x41, 0x3F, 0x88, 0x42, 0x79, 0x21, 0x84, 0x80, 0x12, 0x06, 0xCA, 0x62,
    0x28, 0x10, 0xE0, 0x00, 0x00, 0xE7, 0x7E, 0x01, 0x0E, 0x0D, 0x00, 0x0E, 0x10, 0x00, 0x48, 0xA2,
    0x2A, 0x88, 0xAC, 0x4A, 0x21, 0xCF, 0xE1, 0x26, 0x08, 0x9C, 0x7A, 0xA9, 0x0C, 0xA0, 0x22, 0x0E,
    0x80, 0x43, 0xF8, 0xED, 0x7E, 0x00, 0x0E, 0x0F, 0x00, 0x0E, 0x00, 0x00, 0x41, 0x01, 0x3F, 0x08,
    0x10, 0x20, 0x41, 0x2F, 0xE7, 0x04, 0x84, 0x50, 0x22, 0x41, 0xE1, 0x04, 0x7F, 0x82, 0x20, 0x31,
    0xB1, 0x0C, 0x60, 0x40, 0x80, 0x13, 0x7F, 0x01, 0x0E, 0x0E, 0x00, 0x0E, 0x10, 0x10, 0x5F, 0x02,
    0x29, 0x08, 0x84, 0x4F, 0xF9, 0xC4, 0x01, 0x7F, 0x88, 0x40, 0x79, 0xF1, 0x0C, 0x40, 0x2A, 0x0F,
    0x98, 0x45, 0xF0, 0x2C, 0x20, 0x16, 0x7F, 0x01, 0x0E, 0x0E, 0x00, 0x0E, 0x10, 0x40, 0x41, 0x02,
    0x3F, 0x88, 0x82, 0x5B, 0xF9, 0xC8, 0x02, 0x3F, 0x88, 0xCA, 0x7B, 0x29, 0x9C, 0xA0, 0x5F, 0x8D,
    0x4A, 0x45, 0x28, 0x00, 0x20, 0x18, 0x7F, 0x01, 0x0E, 0x0E, 0x00, 0x0E, 0x11, 0x00, 0x47, 0xC2,
    0x21, 0x08, 0xF8, 0x48, 0x21, 0xDF, 0xE1, 0x18, 0x09, 0xA6, 0x78, 0xF1, 0x0D, 0x40, 0x8D, 0x0C,
    0x52, 0x46, 0x48, 0x03, 0x00, 0x29, 0x7F, 0x01, 0x0E, 0x0E, 0x00, 0x0E, 0x00, 0x00, 0x41, 0x02,
    0x7F, 0x89, 0x02, 0x4B, 0xF9, 0xC8, 0x83, 0x24, 0x09, 0xBE, 0x7E, 0x88, 0x0B, 0xE0, 0xA8, 0x9C,
    0xA2, 0x42, 0xF8, 0x0A, 0x20, 0x3A, 0x7F, 0x01, 0x0E, 0x0E, 0x00, 0x0E, 0x00, 0x41, 0x81, 0x07,
    0xC4, 0x14, 0x7C, 0x50, 0x51, 0xF1, 0x41, 0x05, 0x14, 0xFE, 0x54, 0x41, 0x53, 0x85, 0x4A, 0x1F,
    0x64, 0x47, 0x18, 0x08, 0x20, 0x51, 0x7F, 0x02, 0x0C, 0x0E, 0x01, 0x0E, 0xFF, 0xF8, 0x89, 0x88,
    0x98, 0x89, 0xBB, 0x19, 0x91, 0x99, 0x99, 0xDD, 0x95, 0x59, 0x21, 0xA2, 0x18, 0x01, 0x80, 0x70,
    0x00, 0x6E, 0x7F, 0x02, 0x0E, 0x0D, 0x00, 0x0E, 0x3F, 0xF0, 0x92, 0x43, 0xFF, 0x00, 0x40, 0x7F,
    0xF8, 0x3F, 0xC2, 0x81, 0x0B, 0xFC, 0x2F, 0xF0, 0xA0, 0x42, 0xFF, 0x0F, 0xFE, 0x20, 0x00, 0x05,
    0x80, 0x01, 0x0E, 0x0E, 0x00, 0x0E, 0x00, 0x00, 0x08, 0x43, 0xFE, 0x00, 0x98, 0x02, 0xC1, 0xFF,
    0xE0, 0x28, 0x03, 0x18, 0x3F, 0xF1, 0x20, 0xC0, 0xFF, 0x02, 0x0C, 0x0F, 0xF0, 0x20, 0x00, 0x54,
    0x80, 0x01, 0x0E, 0x0F, 0x00, 0x0E, 0x00, 0x01, 0xF4, 0x44, 0x8A, 0x12, 0xFE, 0x78, 0x41, 0x21,
    0x04, 0x84, 0x1E, 0xFE, 0x48, 0x41, 0x23, 0x87, 0xCA, 0x1A, 0x6C, 0x0B, 0x18, 0x38, 0x20, 0x00,
    0x00, 0xFD, 0x80, 0x01, 0x0E, 0x0E, 0x00, 0x0E, 0x10, 0x80, 0x92, 0x42, 0x4F, 0x1F, 0xB0, 0x00,
    0x81, 0xF2, 0x24, 0x4F, 0x91, 0x20, 0x7C, 0x91, 0x13, 0xC7, 0xC8, 0x11, 0x20, 0x44, 0x89, 0x33,
    0xE0, 0xEA, 0x81, 0x01, 0x0A, 0x0E, 0x02, 0x0E, 0x08, 0x02, 0x0F, 0xFE, 0x01, 0x80, 0x60, 0x1F,
    0xFE, 0x01, 0x80, 0x7F, 0xF8, 0x06, 0x01, 0xFF, 0xE0, 0x10, 0xF4, 0x81, 0x01, 0x0E, 0x0E, 0x00,
    0x0E, 0x00, 0x81, 0xFA, 0x02, 0x08, 0x09, 0x3E, 0x25, 0x91, 0xFE, 0x41, 0x39, 0x04, 0x24, 0x7E,
    0x60, 0x41, 0x81, 0x06, 0x07, 0xAC, 0x73, 0x98, 0x08, 0x20, 0x72, 0x82, 0x01, 0x0E, 0x0E, 0x00,
    0x0E, 0x08, 0x00, 0x3E, 0x01, 0x08, 0x0C, 0x60, 0x7F, 0xF1, 0x84, 0x42, 0x11, 0x08, 0x44, 0x3F,
    0xF0, 0x80, 0x02, 0x00, 0x08, 0x02, 0x30, 0x08, 0x7F, 0xC0, 0x7A, 0x82, 0x01, 0x0E, 0x0E, 0x00,
    0x0E, 0x08, 0x40, 0x21, 0x07, 0xFF, 0x82, 0x10, 0x00, 0x00, 0xFF, 0x80, 0x0C, 0x00, 0xE0, 0x06,
    0x00, 0x20, 0x01, 0x00, 0x8C, 0x02, 0x1F, 0xF0, 0x00, 0x00, 0xDC, 0x83, 0x01, 0x0E, 0x0E, 0x00,
    0x0E, 0x08, 0x41, 0xFF, 0xE0, 0x84, 0x00, 0x38, 0x1F, 0x00, 0x88, 0x82, 0x21, 0x10, 0x04, 0x02,
    0x01, 0xFF, 0xE0, 0x78, 0x06, 0x98, 0x72, 0x39, 0x08, 0x00, 0xCF, 0x85, 0x01, 0x0E, 0x0E, 0x00,
    0x0E, 0x08, 0x41, 0xFF, 0xE0, 0x85, 0x00, 0x16, 0x5F, 0xF9, 0x41, 0x07, 0x7D, 0x05, 0xE4, 0x14,
    0xB1, 0xDE, 0x85, 0x52, 0x15, 0xF8, 0x44, 0xD0, 0x02, 0x60, 0x4C, 0x88, 0x01, 0x0E, 0x0F, 0x00,
    0x0E, 0x10, 0x00, 0x4F, 0xE6, 0x00, 0x12, 0x00, 0x18, 0x00, 0x5F, 0xE3, 0x02, 0x1C, 0x08, 0x10,
    0x20, 0x40, 0x81, 0x02, 0x04, 0x08, 0x10, 0x20, 0x43, 0x80, 0x00, 0x00, 0x68, 0x88, 0x01, 0x0E,
    0x0E, 0x00, 0x0E, 0x02, 0x01, 0xFF, 0xE0, 0x20, 0x00, 0x80, 0x3F, 0xF0, 0x08, 0x07, 0xFF, 0x81,
    0x40, 0x18, 0x91, 0xE3, 0x84, 0x84, 0x02, 0x58, 0x1F, 0x38, 0xC0, 0x20, 0xC1, 0x88, 0x01, 0x0E,
    0x0E, 0x00, 0x0E, 0x08, 0x80, 0x22, 0xC7, 0xE9, 0x82, 0x20, 0x7F, 0xF8, 0x22, 0x00, 0x89, 0x1F,
    0xD4, 0x10, 0x50, 0xB9, 0x86, 0x66, 0x08, 0xB8, 0x39, 0xA8, 0x08, 0x60, 0x81, 0x89, 0x02, 0x0E,
    0x0D, 0x00, 0x0E, 0x7F, 0xF8, 0x12, 0x03, 0xFF, 0x09, 0x24, 0x24, 0x90, 0xFF, 0xC0, 0x40, 0x1F,
    0xFE, 0x08, 0x40, 0x63, 0x01, 0xF8, 0x03, 0xF8, 0x78, 0x18, 0xC1, 0x89, 0x02, 0x0E, 0x0E, 0x00,
    0x0E, 0x3F, 0xE0, 0xC0, 0x83, 0x02, 0x0C, 0x88, 0x32, 0x20, 0xC8, 0x83, 0x22, 0x0C, 0x88, 0x13,
    0x20, 0x14, 0x00, 0xD0, 0x86, 0x42, 0x60, 0xF8, 0x00, 0x00, 0xC8, 0x89, 0x01, 0x0E, 0x0E, 0x00,
    0x0E, 0x00, 0x80, 0x92, 0x02, 0x4F, 0x89, 0x50, 0x25, 0x20, 0x00, 0x01, 0xFE, 0x04, 0x08, 0x12,
    0x20, 0x48, 0x81, 0x30, 0x01, 0x40, 0x19, 0x09, 0x83, 0xE0, 0x00, 0x8A, 0x02, 0x0E, 0x0D, 0x00,
    0x0E, 0x1F, 0xE0, 0x00, 0x07, 0xFF, 0x80, 0x00, 0x1F, 0xE0, 0x00, 0x01, 0xFE, 0x00, 0x00, 0x1F,
    0xE0, 0x40, 0x81, 0x02, 0x07, 0xF8, 0x10, 0x20, 0xA1, 0x8B, 0x01, 0x0E, 0x0E, 0x00, 0x0E, 0x00,
    0x40, 0xC1, 0x01, 0x84, 0x00, 0x10, 0x00, 0x41, 0xDF, 0xE1, 0x04, 0x04, 0x10, 0x10, 0x40, 0x41,
    0x01, 0x44, 0x06, 0x10, 0x30, 0x40, 0x01, 0x00, 0xA4, 0x8B, 0x01, 0x0E, 0x0E, 0x00, 0x0E, 0x00,
    0x40, 0xC1, 0x01, 0x84, 0x00, 0x10, 0x00, 0x41, 0xC3, 0x01, 0x0C, 0x04, 0x30, 0x10, 0xC0, 0x42,
    0x81, 0x52, 0x06, 0x44, 0x32, 0x18, 0x00, 0x20, 0xBE, 0x8B, 0x01, 0x0E, 0x0E, 0x00, 0x0E, 0x00,
    0x00, 0x87, 0x81, 0x12, 0x00, 0x48, 0x02, 0x21, 0xD8, 0x61, 0x00, 0x05, 0xFC, 0x12, 0x10, 0x44,
    0xC1, 0x1E, 0x06, 0x30, 0x33, 0xB0, 0x10, 0x20, 0xBF, 0x8B, 0x01, 0x0E, 0x0F, 0x00, 0x0E, 0x00,
    0x00, 0x81, 0x01, 0x04, 0x01, 0xFE, 0x01, 0x01, 0xC4, 0x01, 0x1F, 0x04, 0x44, 0x11, 0x10, 0x44,
    0x41, 0xE1, 0x06, 0x84, 0x36, 0x10, 0x11, 0x80, 0x00, 0x00, 0xD5, 0x8B, 0x01, 0x0E, 0x0E, 0x00,
    0x0E, 0x00, 0x50, 0xC1, 0x21, 0x06, 0x01, 0xFE, 0x00, 0x21, 0xC0, 0x81, 0x02, 0x05, 0xE8, 0x11,
    0x20, 0x44, 0x81, 0x12, 0x06, 0xE8, 0x36, 0x18, 0x00, 0x60, 0xED, 0x8B, 0x01, 0x0E, 0x0E, 0x00,
    0x0E, 0x00, 0x00, 0x9F, 0xE1, 0x08, 0x00, 0xFC, 0x01, 0x11, 0xC4, 0x41, 0x11, 0x07, 0xFE, 0x10,
    0x00, 0x4F, 0xC1, 0x61, 0x07, 0x84, 0x23, 0xF0, 0x00, 0x00, 0xEF, 0x8B, 0x01, 0x0E, 0x0E, 0x00,
    0x0E, 0x00, 0x00, 0x8F, 0xE1, 0x20, 0x80, 0x82, 0x73, 0xF0, 0x40, 0x01, 0x3F, 0x84, 0x10, 0x10,
    0x40, 0x5F, 0xE1, 0x0C, 0x06, 0x68, 0x33, 0x18, 0x10, 0x20, 0xF7, 0x8B, 0x01, 0x0E, 0x0E, 0x00,
    0x0E, 0x00, 0x40, 0x9F, 0xE1, 0x04, 0x00, 0xFC, 0x00, 0x41, 0xDF, 0xE1, 0x00, 0x04, 0xFC, 0x12,
    0x10, 0x4F, 0xC1, 0x21, 0x06, 0xFC, 0x32, 0x10, 0x08, 0xC0, 0xFB, 0x8B, 0x00, 0x0E, 0x0F, 0x00,
    0x0E, 0x00, 0x00, 0x01, 0x03, 0x3F, 0x04, 0x10, 0x00, 0x40, 0x1F, 0xE7, 0x00, 0x84, 0x50, 0x12,
    0x40, 0x41, 0x01, 0x7F, 0x86, 0x20, 0x19, 0xB0, 0xCC, 0x60, 0x40, 0x80, 0x03, 0x8C, 0x01, 0x0D,
    0x0E, 0x00, 0x0E, 0x00, 0x01, 0x3F, 0xC5, 0x02, 0x0B, 0xD0, 0x44, 0xBA, 0x24, 0x57, 0xA2, 0x81,
    0x15, 0xE8, 0xA9, 0x45, 0x4A, 0x3B, 0xD3, 0x80, 0x84, 0x1C, 0x22, 0x8C, 0x01, 0x0E, 0x0E, 0x00,
    0x0E, 0x00, 0x01, 0x88, 0x22, 0x78, 0x81, 0x22, 0x07, 0xF9, 0x92, 0x22, 0x7C, 0x89, 0x2A, 0x2F,
    0xA8, 0x8E, 0x22, 0x28, 0x8D, 0x22, 0x28, 0x88, 0x0C, 0xC0, 0x25, 0x8D, 0x01, 0x0E, 0x0E, 0x00,
    0x0E, 0x00, 0x01, 0xF2, 0x04, 0x48, 0x15, 0x3E, 0x55, 0x91, 0x54, 0x45, 0x79, 0x15, 0x24, 0x54,
    0x21, 0x51, 0x81, 0x06, 0x0B, 0x18, 0x65, 0x99, 0x04, 0x20, 0x85, 0x8D, 0x01, 0x0E, 0x0E, 0x00,
    0x0E, 0x10, 0x00, 0x47, 0xE7, 0xC4, 0x84, 0x22, 0x10, 0x89, 0xFC, 0xC1, 0x00, 0x04, 0x7E, 0x5F,
    0x09, 0x44, 0x27, 0x1F, 0x96, 0x00, 0x4F, 0xF8, 0x00, 0x00, 0xB3, 0x8D, 0x02, 0x0E, 0x0E, 0x00,
    0x0E, 0x3F, 0xF0, 0x80, 0x42, 0x01, 0x08, 0x04, 0x3F, 0xF0, 0x04, 0x01, 0x10, 0x04, 0x7C, 0x11,
    0x00, 0xE4, 0x02, 0xD0, 0x19, 0xC0, 0x41, 0xF8, 0x00, 0x00, 0x2A, 0x8E, 0x01, 0x0E, 0x0E, 0x00,
    0x0E, 0x00, 0x41, 0xE1, 0x04, 0xBF, 0x92, 0x82, 0x79, 0xF0, 0x40, 0x01, 0x00, 0x14, 0xFE, 0x50,
    0x41, 0x45, 0x65, 0x64, 0x97, 0x92, 0x60, 0x40, 0x03, 0x00, 0x6C, 0x8F, 0x01, 0x0E, 0x0E, 0x00,
    0x0E, 0x10, 0x40, 0x41, 0x07, 0xDF, 0x88, 0x10, 0x20, 0xC0, 0x4F, 0xE5, 0x08, 0x1F, 0x20, 0x11,
    0xF8, 0x60, 0x47, 0xC2, 0x04, 0x38, 0x10, 0x20, 0x40, 0x40, 0x6E, 0x8F, 0x01, 0x0E, 0x0E, 0x00,
    0x0E, 0x00, 0x40, 0x83, 0x07, 0xCE, 0x08, 0x68, 0x23, 0x10, 0x48, 0x25, 0x10, 0x1F, 0x4C, 0x11,
    0xE0, 0x66, 0x07, 0x90, 0x04, 0x42, 0x11, 0xF0, 0x00, 0x00, 0x6F, 0x8F, 0x01, 0x0E, 0x0E, 0x00,
    0x0E, 0x10, 0x80, 0x42, 0x07, 0xEF, 0x84, 0x22, 0x29, 0x08, 0xA5, 0x26, 0x94, 0x9F, 0x90, 0x08,
    0x60, 0x21, 0x87, 0xCA, 0x02, 0x24, 0x09, 0x18, 0x28, 0x20, 0x7D, 0x8F, 0x01, 0x0E, 0x0F, 0x00,
    0x0E, 0x08, 0x40, 0xFD, 0x40, 0x84, 0x1F, 0xFE, 0x10, 0x40, 0x41, 0x07, 0xF5, 0x08, 0x14, 0x24,
    0x51, 0xFD, 0x80, 0x46, 0x07, 0xD8, 0x6C, 0xA8, 0x14, 0x60, 0x00, 0x00, 0x91, 0x8F, 0x01, 0x0E,
    0x0E, 0x00, 0x0E, 0x10, 0x00, 0x47, 0xC7, 0xD1, 0x08, 0x7C, 0x20, 0x00, 0xCF, 0xE5, 0x11, 0x1F,
    0x7C, 0x11, 0x10, 0x67, 0xC7, 0xD1, 0x04, 0x4E, 0x13, 0x90, 0x40, 0x40, 0x93, 0x8F, 0x01, 0x0E,
    0x0E, 0x00, 0x0E, 0x20, 0x40, 0x83, 0x07, 0x9A, 0x09, 0xC6, 0x15, 0xF1, 0x40, 0x05, 0x3A, 0x9E,
    0x8A, 0x13, 0xA8, 0x48, 0xA7, 0xBA, 0x84, 0x82, 0x12, 0x08, 0x4A, 0x60, 0xA8, 0x8F, 0x01, 0x0E,
    0x0E, 0x00, 0x0E, 0x00, 0x00, 0x84, 0x07, 0x9F, 0x82, 0x52, 0x49, 0x48, 0x44, 0x07, 0xDF, 0x89,
    0x40, 0x31, 0x01, 0xE5, 0xE2, 0x10, 0x08, 0x80, 0x66, 0x01, 0x10, 0x00, 0xB9, 0x8F, 0x01, 0x0E,
    0x0F, 0x00, 0x0E, 0x00, 0x80, 0x82, 0x03, 0x08, 0x01, 0xFE, 0x00, 0x89, 0x84, 0x22, 0x10, 0x88,
    0x42, 0x22, 0x18, 0x98, 0x43, 0x47, 0x1C, 0x00, 0x4C, 0x01, 0x1F, 0xE0, 0x00, 0x00, 0xC7, 0x8F,
    0x01, 0x0E, 0x0E, 0x00, 0x0E, 0x00, 0x21, 0x80, 0x83, 0x02, 0x01, 0xFE, 0x00, 0x20, 0x00, 0x87,
    0x22, 0x04, 0x48, 0x10, 0x20, 0x40, 0x83, 0x0E, 0x1E, 0x00, 0x47, 0xF8, 0x00, 0x00, 0xCE, 0x8F,
    0x01, 0x0E, 0x0F, 0x00, 0x0E, 0x01, 0x00, 0xD9, 0xE0, 0x44, 0x91, 0x12, 0x24, 0x48, 0x11, 0x20,
    0x44, 0x99, 0x12, 0x35, 0x48, 0xF9, 0x63, 0x04, 0x0C, 0x10, 0x78, 0x01, 0x1F, 0xE0, 0x00, 0x00,
    0xD0, 0x8F, 0x01, 0x0E, 0x0F, 0x00, 0x0E, 0x00, 0x00, 0xDF, 0xC0, 0x00, 0x10, 0x00, 0x6F, 0xF8,
    0x04, 0x00, 0x12, 0x18, 0x4C, 0x32, 0x10, 0xCB, 0xE3, 0x7C, 0x8C, 0x00, 0x78, 0x01, 0x1F, 0xE0,
    0x00, 0x00, 0xD1, 0x8F, 0x01, 0x0E, 0x0F, 0x00, 0x0E, 0x00, 0x10, 0x87, 0x81, 0x30, 0x00, 0x80,
    0x62, 0x00, 0xCF, 0xE0, 0x22, 0x18, 0x88, 0x36, 0x20, 0xD0, 0x83, 0x42, 0x0E, 0x08, 0x78, 0x01,
    0x1F, 0xE0, 0x00, 0x00, 0xDE, 0x8F, 0x01, 0x0E, 0x0F, 0x00, 0x0E, 0x01, 0x00, 0x84, 0x03, 0x7F,
    0x80, 0x80, 0x02, 0x41, 0x9F, 0xC2, 0x04, 0x08, 0x10, 0x2F, 0xF8, 0x81, 0x02, 0x04, 0x0C, 0x10,
    0x5C, 0x01, 0x1F, 0xE0, 0x00, 0x00, 0xFD, 0x8F, 0x01, 0x0E, 0x0F, 0x00, 0x0E, 0x00, 0x80, 0x82,
    0x01, 0x7F, 0x01, 0x04, 0x64, 0x10, 0xDF, 0xC0, 0x40, 0x19, 0xFC, 0x34, 0x10, 0xD0, 0x43, 0x7F,
    0x0C, 0x00, 0x68, 0x01, 0x1F, 0xE0, 0x00, 0x00, 0x00, 0x90, 0x01, 0x0E, 0x0F, 0x00, 0x0E, 0x00,
    0x00, 0x8F, 0xC1, 0x21, 0x00, 0xFC, 0x22, 0x10, 0x0F, 0xC0, 0x20, 0x98, 0x94, 0x32, 0x60, 0xC8,
    0x83, 0x7D, 0x8D, 0x02, 0x78, 0x01, 0x1F, 0xE0, 0x00, 0x00, 0x02, 0x90, 0x01, 0x0E, 0x0F, 0x00,
    0x0E, 0x00, 0x10, 0xDF, 0x01, 0x08, 0x00, 0x20, 0x6F, 0xF8, 0xC2, 0x00, 0x08, 0x19, 0xFE, 0x34,
    0x18, 0xD0, 0x63, 0x7F, 0x8C, 0x00, 0x68, 0x01, 0x1F, 0xE0, 0x00, 0x00, 0x09, 0x90, 0x01, 0x0E,
    0x0F, 0x00, 0x0E, 0x00, 0x01, 0x8A, 0x03, 0x7F, 0x81, 0x20, 0x00, 0x80, 0x1F, 0xE7, 0x12, 0x04,
    0x48, 0x12, 0x20, 0x58, 0xA1, 0xC3, 0x8C, 0x00, 0x6C, 0x01, 0x1F, 0xE0, 0x00, 0x00, 0x1F, 0x90,
    0x01, 0x0E, 0x0F, 0x00, 0x0E, 0x00, 0x80, 0xC2, 0x01, 0xFF, 0x80, 0x20, 0x67, 0xF8, 0x12, 0x20,
    0x48, 0x99, 0xFE, 0x31, 0xC0, 0xCA, 0x83, 0x49, 0x8C, 0x20, 0x78, 0x01, 0x1F, 0xE0, 0x00, 0x00,
    0xE8, 0x90, 0x01, 0x0E, 0x0E, 0x00, 0x0E, 0x08, 0x00, 0x23, 0xE7, 0xF8, 0x88, 0xA6, 0x24, 0x90,
    0x12, 0x47, 0xF9, 0x00, 0x22, 0x3E, 0x88, 0x0A, 0x20, 0x28, 0x80, 0xAE, 0x3E, 0x80, 0x0A, 0x00,
    0x4D, 0x91, 0x02, 0x0E, 0x0D, 0x00, 0x0E, 0x7E, 0xF8, 0x60, 0x27, 0xE0, 0x96, 0x82, 0x5A, 0x09,
    0x2B, 0xE4, 0xA8, 0x91, 0xA0, 0x7E, 0x81, 0x0A, 0x04, 0x28, 0x1F, 0xA2, 0x40, 0xF8, 0xCD, 0x91,
    0x01, 0x0E, 0x0D, 0x00, 0x0E, 0x00, 0x60, 0xFC, 0x00, 0x20, 0x1F, 0xFE, 0x02, 0x00, 0xFF, 0xC3,
    0xFF, 0x08, 0x84, 0x3F, 0xF0, 0x08, 0x03, 0xFF, 0x00, 0x80, 0x7F, 0xF8, 0xCF, 0x91, 0x01, 0x0E,
    0x0E, 0x00, 0x0E, 0x1F, 0xE0, 0x80, 0x83, 0xFE, 0x0F, 0xF8, 0x00, 0x01, 0xFF, 0xE3, 0xFF, 0x08,
    0x84, 0x3F, 0xF0, 0xFF, 0xC0, 0x20, 0x0F, 0xFC, 0x02, 0x01, 0xFF, 0xE0, 0x9F, 0x94, 0x00, 0x0E,
    0x0F, 0x00, 0x0E, 0x00, 0x00, 0x81, 0x03, 0xC4, 0x10, 0x10, 0x43, 0xF8, 0x09, 0x23, 0xA4, 0x84,
    0x92, 0x12, 0x49, 0xFF, 0xE1, 0x24, 0x84, 0x10, 0x14, 0x40, 0x61, 0x00, 0x04, 0x00, 0x19, 0x95,
    0x01, 0x0E, 0x0E, 0x00, 0x0E, 0x20, 0x00, 0x82, 0x87, 0xFF, 0x90, 0x28, 0x00, 0xA0, 0xFF, 0xE1,
    0x00, 0x04, 0x7C, 0x7D, 0x10, 0x44, 0x41, 0x1F, 0x04, 0x44, 0x39, 0xF0, 0x04, 0x00, 0x2E, 0x95,
    0x01, 0x0E, 0x0F, 0x00, 0x0E, 0x20, 0x20, 0x9F, 0xE4, 0x22, 0x90, 0xBE, 0x00, 0x29, 0xFF, 0xE2,
    0x12, 0x1E, 0x3E, 0x26, 0x20, 0x8B, 0xE2, 0x22, 0x0F, 0xC8, 0x35, 0x80, 0xA1, 0xE0, 0x00, 0x00,
    0x5C, 0x95, 0x01, 0x0E, 0x0E, 0x00, 0x0E, 0x20, 0x40, 0x8F, 0xE7, 0x81, 0x10, 0x24, 0x03, 0xF9,
    0xE0, 0x01, 0x3F, 0x8C, 0xFE, 0x7A, 0x08, 0x4F, 0xE1, 0x0A, 0x06, 0x68, 0x31, 0x20, 0x18, 0xE0,
    0x7F, 0x95, 0x01, 0x0E, 0x0E, 0x00, 0x0E, 0x00, 0x00, 0x60, 0x81, 0x84, 0x06, 0x60, 0x1B, 0x00,
    0x60, 0x07, 0xFF, 0x86, 0x40, 0x19, 0x80, 0x62, 0x01, 0x84, 0x06, 0x4C, 0x1E, 0x18, 0x40, 0x00,
    0xED, 0x95, 0x01, 0x0C, 0x0F, 0x01, 0x0E, 0x00, 0x04, 0xFF, 0x20, 0x10, 0x11, 0x81, 0x1B, 0xFD,
    0x83, 0x18, 0x71, 0x8D, 0x19, 0x91, 0xB1, 0x18, 0x11, 0x87, 0x18, 0x07, 0x00, 0x00, 0xEE, 0x95,
    0x01, 0x0C, 0x0F, 0x01, 0x0E, 0x00, 0x04, 0xFF, 0x20, 0x10, 0x01, 0x80, 0x18, 0xF1, 0x81, 0x18,
    0x11, 0x81, 0x18, 0xF1, 0x80, 0x18, 0x01, 0x80, 0x18, 0x06, 0x00, 0x00, 0xF2, 0x95, 0x01, 0x0C,
    0x0F, 0x01, 0x0E, 0x00, 0x04, 0xFF, 0x20, 0x10, 0x01, 0x80, 0x1B, 0xFD, 0x86, 0x18, 0xF1, 0x88,
    0x99, 0x09, 0xA0, 0x18, 0x01, 0x80, 0x18, 0x07, 0x00, 0x00, 0xF4, 0x95, 0x01, 0x0C, 0x0F, 0x01,
    0x0E, 0x00, 0x04, 0xFF, 0x20, 0x18, 0x01, 0x9F, 0x99, 0x09, 0x90, 0x99, 0xF9, 0x90, 0x99, 0x09,
    0x9F, 0x98, 0x01, 0x80, 0x18, 0x06, 0x00, 0x00, 0x50, 0x96, 0x01, 0x0D, 0x0E, 0x01, 0x0E, 0x00,
    0x07, 0xBF, 0xA5, 0x05, 0x28, 0x2A, 0x7F, 0x52, 0x0A, 0x5F, 0xD2, 0x90, 0x94, 0xB5, 0xA3, 0x21,
    0x11, 0x09, 0x48, 0xF3, 0x44, 0x08, 0x64, 0x96, 0x01, 0x0D, 0x0E, 0x01, 0x0E, 0x01, 0x87, 0x8E,
    0x24, 0x91, 0x58, 0x6A, 0xFE, 0x50, 0x42, 0x42, 0x13, 0xFE, 0x90, 0x85, 0xA5, 0x21, 0x29, 0x11,
    0x28, 0x89, 0x41, 0x80, 0x90, 0x96, 0x01, 0x0D, 0x0E, 0x01, 0x0E, 0x02, 0x07, 0x9E, 0x25, 0x11,
    0x51, 0x0A, 0x7F, 0x50, 0x0A, 0x5F, 0xD2, 0x02, 0x97, 0xF5, 0x88, 0x22, 0xA9, 0x14, 0x28, 0xA3,
    0x41, 0xE0, 0x00, 0x97, 0x01, 0x0E, 0x0E, 0x00, 0x0E, 0x3F, 0xF0, 0x08, 0x07, 0xFF, 0x90, 0x82,
    0x5A, 0xE8, 0x08, 0x01, 0xEE, 0x1F, 0xFE, 0x02, 0x00, 0xFF, 0xC2, 0x49, 0x09, 0x24, 0x24, 0x90,
    0x92, 0xC0, 0x62, 0x97, 0x02, 0x0E, 0x0D, 0x00, 0x0E, 0x7F, 0xF8, 0x08, 0x00, 0x20, 0x1F, 0xFE,
    0x48, 0x99, 0x22, 0x64, 0xF9, 0x92, 0x26, 0x4F, 0x99, 0x22, 0x64, 0x89, 0x9F, 0xFE, 0x00, 0x00,
    0xF3, 0x97, 0x00, 0x0E, 0x0F, 0x00, 0x0E, 0x00, 0x00, 0x0C, 0x03, 0xFF, 0x82, 0x10, 0x08, 0x40,
    0x21, 0x07, 0xFF, 0x80, 0x00, 0x1F, 0xE0, 0x40, 0x81, 0x02, 0x07, 0xF8, 0x10, 0x20, 0x7F, 0x81,
    0x00, 0x00, 0x75, 0x98, 0x02, 0x0E, 0x0D, 0x00, 0x0E, 0x7F, 0xF8, 0x08, 0x00, 0x20, 0x0F, 0xFC,
    0x20, 0x10, 0x8C, 0x42, 0x31, 0x08, 0xC4, 0x22, 0x10, 0x88, 0x40, 0x4C, 0x06, 0x0C, 0x60, 0x08,
    0x79, 0x98, 0x02, 0x0E, 0x0D, 0x00, 0x0E, 0x7F, 0xF8, 0x83, 0x02, 0x3F, 0x08, 0x84, 0x22, 0x50,
    0x89, 0x42, 0x25, 0x0E, 0x94, 0x7A, 0xD1, 0x02, 0x00, 0x1B, 0x00, 0xC6, 0x04, 0x08, 0x84, 0x98,
    0x01, 0x0E, 0x0E, 0x00, 0x0E, 0x00, 0x01, 0xFF, 0xE0, 0x84, 0x0C, 0x7E, 0x11, 0x08, 0x64, 0x27,
    0xD4, 0x85, 0x52, 0x15, 0x48, 0x45, 0x21, 0x14, 0x84, 0x3C, 0x11, 0x99, 0xC8, 0x20, 0x91, 0x98,
    0x01, 0x0E, 0x0E, 0x00, 0x0E, 0x08, 0x00, 0x27, 0xE0, 0xE2, 0x02, 0x08, 0x08, 0xF9, 0xFA, 0x21,
    0x0A, 0x8C, 0xAA, 0x52, 0xA9, 0x52, 0x20, 0xC4, 0x82, 0x18, 0x30, 0x99, 0x04, 0x20, 0x98, 0x98,
    0x02, 0x0E, 0x0E, 0x00, 0x0E, 0x3D, 0xF8, 0x11, 0x03, 0xCF, 0x81, 0x02, 0x3C, 0x09, 0xF8, 0xA0,
    0x00, 0x88, 0x12, 0x2E, 0x41, 0x82, 0x47, 0x10, 0x96, 0x00, 0x47, 0xF8, 0x00, 0x00, 0x9C, 0x98,
    0x01, 0x0E, 0x0E, 0x00, 0x0E, 0x00, 0x00, 0x27, 0xE7, 0xE0, 0x09, 0x3E, 0x24, 0x09, 0xF8, 0x24,
    0x42, 0x96, 0x0A, 0x44, 0x09, 0x20, 0x27, 0x04, 0x91, 0x10, 0x58, 0x98, 0x0C, 0x20, 0x6C, 0x9A,
    0x01, 0x0D, 0x0E, 0x00, 0x0E, 0x00, 0x01, 0xFF, 0x00, 0x08, 0x20, 0x41, 0x02, 0x08, 0x10, 0x41,
    0x03, 0xFF, 0x00, 0x08, 0x00, 0x5F, 0xF4, 0x00, 0x20, 0x01, 0x00, 0x70, 0xD8, 0x9E, 0x01, 0x0E,
    0x0E, 0x00, 0x0E, 0x00, 0x01, 0xF8, 0x86, 0x21, 0x1A, 0x80, 0x43, 0xF9, 0xF9, 0x80, 0x86, 0x1F,
    0x98, 0x08, 0x61, 0xF9, 0x40, 0x09, 0x16, 0xA6, 0x51, 0x08, 0x04, 0x00, 0x00, 0xAC, 0x01, 0x0D,
    0x0E, 0x00, 0x0D, 0x00, 0x00, 0x02, 0x1F, 0x90, 0x04, 0x80, 0x24, 0x03, 0x20, 0x11, 0xC1, 0x88,
    0x18, 0x41, 0x82, 0x18, 0x10, 0x00, 0x80, 0x04, 0x00, 0x20, 0x01, 0xAC, 0x01, 0x0D, 0x0E, 0x00,
    0x0D, 0x00, 0x03, 0xF3, 0x00, 0x98, 0x0C, 0xC0, 0x47, 0x06, 0x30, 0x61, 0x8C, 0x0C, 0x00, 0x01,
    0xFF, 0x00, 0x18, 0x00, 0xC0, 0x06, 0x00, 0x20, 0x04, 0xAC, 0x01, 0x0D, 0x0E, 0x00, 0x0D, 0x00,
    0x43, 0xF3, 0x00, 0x98, 0x0C, 0xC0, 0x47, 0x06, 0x30, 0x61, 0x8C, 0x0C, 0x00, 0x60, 0x83, 0x04,
    0x00, 0x20, 0x01, 0x00, 0x0F, 0xF0, 0x10, 0xAC, 0x01, 0x0D, 0x0E, 0x00, 0x0D, 0x00, 0x03, 0xF3,
    0x00, 0x98, 0x0C, 0xC0, 0x47, 0x06, 0x30, 0x61, 0x8C, 0x0C, 0x00, 0x00, 0xFF, 0x04, 0x18, 0x20,
    0xC1, 0x06, 0x0F, 0xF0, 0x12, 0xAC, 0x01, 0x0D, 0x0E, 0x00, 0x0D, 0x00, 0x03, 0xF3, 0x00, 0x98,
    0x08, 0xE0, 0xC6, 0x0C, 0x31, 0xC1, 0x80, 0x00, 0x00, 0x41, 0x22, 0x0F, 0x30, 0x49, 0x82, 0x5A,
    0x1F, 0x88, 0x15, 0xAC, 0x01, 0x0D, 0x0E, 0x00, 0x0D, 0x00, 0x43, 0xF3, 0x00, 0x98, 0x0C, 0xC0,
    0x47, 0x06, 0x30, 0x61, 0x8E, 0x0C, 0x40, 0x40, 0x7C, 0x04, 0x10, 0x60, 0xC1, 0x04, 0x07, 0xC0,
    0x1C, 0xAC, 0x01, 0x0C, 0x0E, 0x00, 0x0D, 0x00, 0x00, 0x0A, 0x7C, 0xA0, 0x4A, 0x04, 0xA0, 0x4A,
    0x08, 0xE0, 0x8A, 0x10, 0xA2, 0x0A, 0x40, 0xA0, 0x0A, 0x00, 0xA0, 0x02, 0x70, 0xAC, 0x01, 0x0C,
    0x0E, 0x00, 0x0D, 0x00, 0x20, 0x02, 0x7E, 0x20, 0x22, 0x02, 0x20, 0x42, 0x05, 0xE0, 0xC2, 0x18,
    0x23, 0x02, 0x60, 0x20, 0x02, 0x00, 0x20, 0x02, 0x80, 0xAC, 0x01, 0x0C, 0x0E, 0x00, 0x0D, 0x00,
    0x23, 0xE2, 0x02, 0x20, 0x22, 0x05, 0xE0, 0xC2, 0x18, 0x26, 0x02, 0x00, 0x01, 0xFE, 0x10, 0x21,
    0x02, 0x10, 0x21, 0xFE, 0x83, 0xAC, 0x01, 0x0C, 0x0E, 0x00, 0x0D, 0x00, 0x23, 0xE2, 0x02, 0x20,
    0x22, 0x05, 0xE0, 0xC2, 0x18, 0x27, 0x02, 0x00, 0x20, 0x30, 0x03, 0x00, 0x68, 0x1C, 0x60, 0x00,
    0x8C, 0xAC, 0x01, 0x0C, 0x0E, 0x00, 0x0D, 0x00, 0x00, 0x0A, 0x7C, 0xA0, 0x4A, 0x04, 0xA0, 0xCA,
    0x0F, 0xA1, 0x8A, 0x10, 0xA6, 0x0A, 0x40, 0xA0, 0x0A, 0x00, 0xA0, 0x02, 0x9F, 0xAC, 0x01, 0x0C,
    0x0E, 0x00, 0x0D, 0x00, 0x00, 0x0A, 0x7C, 0xA0, 0x4A, 0x0F, 0xA0, 0x8A, 0x10, 0xA6, 0x0A, 0x00,
    0x20, 0x30, 0x03, 0x00, 0x68, 0x1C, 0x61, 0x01, 0xA8, 0xAC, 0x01, 0x0C, 0x0E, 0x00, 0x0D, 0x00,
    0x20, 0x02, 0x7E, 0x20, 0x22, 0x03, 0xE0, 0x42, 0x04, 0x20, 0xC2, 0x1B, 0xE3, 0x02, 0x60, 0x20,
    0x02, 0x00, 0x20, 0x02, 0xB0, 0xAC, 0x01, 0x0C, 0x0E, 0x00, 0x0D, 0x00, 0x23, 0xE2, 0x03, 0xE0,
    0x62, 0x04, 0x21, 0x9E, 0x70, 0x20, 0x00, 0x1F, 0xE0, 0x02, 0x1F, 0xE1, 0x00, 0x10, 0x01, 0xFF,
    0xBD, 0xAC, 0x01, 0x0C, 0x0E, 0x00, 0x0D, 0x00, 0x23, 0xE2, 0x02, 0x20, 0x3E, 0x06, 0x20, 0xC2,
    0x19, 0xE3, 0x02, 0x40, 0x20, 0xFC, 0x18, 0x61, 0x02, 0x18, 0x60, 0xF8, 0xC4, 0xAC, 0x01, 0x0C,
    0x0E, 0x00, 0x0D, 0x00, 0x00, 0x0A, 0x7C, 0xA0, 0x4A, 0x07, 0xA0, 0xCA, 0x08, 0xA1, 0x3A, 0x30,
    0xA6, 0x0A, 0x00, 0xA0, 0x0A, 0x00, 0xA0, 0x02, 0xF5, 0xAC, 0x02, 0x0D, 0x0D, 0x00, 0x0D, 0x3F,
    0xE0, 0x01, 0x00, 0x18, 0x08, 0xC0, 0x64, 0x03, 0x01, 0xFF, 0xC0, 0x00, 0x0F, 0x81, 0x82, 0x08,
    0x08, 0x60, 0x80, 0xF8, 0x00, 0x00, 0xAD, 0x01, 0x0D, 0x0E, 0x00, 0x0D, 0x00, 0x43, 0xFB, 0x00,
    0xD8, 0x06, 0xC0, 0x36, 0x09, 0x38, 0x41, 0x8F, 0xEC, 0x00, 0x60, 0x03, 0x04, 0x00, 0x20, 0x01,
    0x00, 0x0F, 0xF0, 0x50, 0xAD, 0x03, 0x0D, 0x0A, 0x00, 0x0D, 0x3F, 0xE0, 0x01, 0x00, 0x08, 0x00,
    0x40, 0x02, 0x04, 0xB0, 0x25, 0x01, 0x20, 0x09, 0x03, 0xFF, 0x80, 0x6C, 0xAD, 0x02, 0x0D, 0x0D,
    0x00, 0x0D, 0x3F, 0xE0, 0x03, 0x00, 0x18, 0x00, 0xC0, 0x04, 0x00, 0x21, 0xFF, 0xC0, 0x40, 0x02,
    0x00, 0x10, 0x00, 0x80, 0x04, 0x00, 0x20, 0x00, 0x6D, 0xAD, 0x02, 0x0D, 0x0D, 0x00, 0x0D, 0x3F,
    0xE0, 0x01, 0x00, 0x08, 0x00, 0xC0, 0x04, 0x3F, 0xF8, 0x08, 0x00, 0x40, 0x3F, 0xE0, 0x01, 0x00,
    0x08, 0x00, 0x40, 0x02, 0x00, 0x8C, 0xAD, 0x01, 0x0C, 0x0E, 0x00, 0x0D, 0x00, 0x23, 0xF2, 0x03,
    0x20, 0x32, 0x03, 0x20, 0x32, 0x7F, 0xA0, 0x82, 0x09, 0xE0, 0x82, 0x30, 0x23, 0x00, 0x30, 0x03,
    0xFE, 0xF8, 0xAD, 0x03, 0x0D, 0x0A, 0x00, 0x0D, 0x3F, 0xE0, 0x03, 0x00, 0x18, 0x00, 0xC0, 0x06,
    0x00, 0x20, 0x01, 0x00, 0x08, 0x00, 0x03, 0xFF, 0x80, 0xFC, 0xAD, 0x02, 0x0D, 0x0D, 0x00, 0x0D,
    0x3F, 0xE0, 0x01, 0x00, 0x08, 0x00, 0xC0, 0x06, 0x00, 0x21, 0xFF, 0xC0, 0x00, 0x00, 0x01, 0x00,
    0x08, 0x00, 0x40, 0x03, 0xFE, 0x00, 0x00, 0xAE, 0x02, 0x0D, 0x0D, 0x00, 0x0D, 0x3F, 0xE0, 0x01,
    0x00, 0x18, 0x00, 0x87, 0xFF, 0x00, 0x00, 0x00, 0x07, 0xFC, 0x00, 0x21, 0xFF, 0x08, 0x00, 0x40,
    0x03, 0xFE, 0x00, 0x08, 0xAE, 0x02, 0x0D, 0x0D, 0x00, 0x0D, 0x3F, 0xE0, 0x01, 0x00, 0x08, 0x00,
    0xC0, 0x04, 0x3F, 0xF8, 0x00, 0x00, 0x00, 0x3F, 0xE1, 0x01, 0x08, 0x08, 0x40, 0x43, 0xFE, 0x00,
    0x30, 0xAE, 0x01, 0x0C, 0x0E, 0x00, 0x0D, 0x00, 0x20, 0x02, 0x7E, 0x20, 0x22, 0x02, 0x20, 0x22,
    0x04, 0x20, 0xC2, 0x08, 0x23, 0x02, 0x60, 0x20, 0x02, 0x00, 0x20, 0x02, 0x38, 0xAE, 0x01, 0x0C,
    0x0E, 0x00, 0x0D, 0x00, 0x23, 0xE2, 0x02, 0x20, 0x22, 0x04, 0x20, 0x82, 0x70, 0x20, 0x00, 0x1F,
    0xE0, 0x02, 0x1F, 0xE1, 0x00, 0x10, 0x01, 0xFE, 0x40, 0xAE, 0x01, 0x0C, 0x0E, 0x00, 0x0D, 0x00,
    0x23, 0xE2, 0x02, 0x20, 0x22, 0x04, 0x20, 0xC2, 0x18, 0x26, 0x02, 0x00, 0x01, 0xFE, 0x10, 0x21,
    0x02, 0x10, 0x21, 0xFE, 0x45, 0xAE, 0x01, 0x0C, 0x0E, 0x00, 0x0D, 0x00, 0x23, 0xE2, 0x02, 0x20,
    0x22, 0x04, 0x20, 0xC2, 0x18, 0x27, 0x02, 0x40, 0x20, 0xFC, 0x10, 0x61, 0x02, 0x18, 0x60, 0xF8,
    0x4C, 0xAE, 0x01, 0x0D, 0x0E, 0x00, 0x0D, 0x00, 0x00, 0x03, 0x1F, 0xD8, 0x22, 0xC1, 0x16, 0x08,
    0xB0, 0x4D, 0xE6, 0x4C, 0x22, 0x62, 0x33, 0x11, 0x18, 0x00, 0xC0, 0x06, 0x00, 0x10, 0x34, 0xAF,
    0x02, 0x0D, 0x0D, 0x00, 0x0D, 0x3D, 0xE0, 0x41, 0x02, 0x08, 0x14, 0xC0, 0x20, 0x3F, 0xF8, 0x00,
    0x07, 0xFC, 0x00, 0x21, 0xFF, 0x08, 0x00, 0x40, 0x03, 0xFE, 0x00, 0xB8, 0xAF, 0x02, 0x0D, 0x0D,
    0x00, 0x0D, 0x3D, 0xE0, 0x21, 0x03, 0x08, 0x18, 0x40, 0x86, 0x04, 0x21, 0xFF, 0xC0, 0x40, 0x02,
    0x00, 0x10, 0x00, 0x80, 0x04, 0x00, 0x20, 0x00, 0x44, 0xB0, 0x03, 0x0D, 0x0A, 0x00, 0x0D, 0x3D,
    0xE0, 0x21, 0x01, 0x08, 0x18, 0x40, 0x82, 0x04, 0x30, 0x21, 0x00, 0x00, 0x00, 0x03, 0xFF, 0x80,
    0x4A, 0xB0, 0x02, 0x0D, 0x0D, 0x00, 0x0D, 0x3D, 0xE0, 0x21, 0x01, 0x08, 0x18, 0xC0, 0x84, 0x3F,
    0xF8, 0x02, 0x04, 0x7C, 0x20, 0x01, 0x06, 0x08, 0xD8, 0x7E, 0xC0, 0x1C, 0x00, 0xA0, 0xB0, 0x01,
    0x0C, 0x0E, 0x01, 0x0D, 0x00, 0x08, 0x0C, 0x80, 0xC8, 0x0E, 0x80, 0xCF, 0xEC, 0x00, 0xC0, 0x00,
    0x3F, 0xC0, 0x0C, 0x3F, 0xC2, 0x00, 0x20, 0x03, 0xFC, 0xB4, 0xB0, 0x01, 0x0B, 0x0E, 0x01, 0x0D,
    0x00, 0x00, 0x6A, 0x0D, 0x41, 0xA8, 0x35, 0x06, 0xA0, 0xF4, 0x1A, 0x83, 0x5F, 0x68, 0x0D, 0x01,
    0xA0, 0x34, 0x00, 0x80, 0x23, 0xB1, 0x01, 0x0B, 0x0E, 0x01, 0x0D, 0x00, 0x58, 0x0B, 0x1F, 0x60,
    0x2C, 0x05, 0xFC, 0x80, 0x10, 0x30, 0x3F, 0xC0, 0x00, 0x7C, 0x08, 0x41, 0x08, 0x1E, 0x00, 0x24,
    0xB1, 0x01, 0x0B, 0x0E, 0x01, 0x0D, 0x00, 0x00, 0x2A, 0x05, 0x40, 0xA8, 0x15, 0x1E, 0xA0, 0x54,
    0x0A, 0x81, 0x5F, 0x28, 0x05, 0x00, 0xA0, 0x14, 0x00, 0x80, 0x37, 0xB1, 0x01, 0x0B, 0x0E, 0x01,
    0x0D, 0x00, 0x40, 0x2B, 0x05, 0x67, 0xAC, 0x15, 0x82, 0xB0, 0x57, 0xCA, 0x00, 0x40, 0x40, 0x18,
    0x07, 0x81, 0x9C, 0x40, 0x40, 0x0C, 0xB2, 0x01, 0x0D, 0x0E, 0x00, 0x0D, 0x00, 0x01, 0x00, 0x08,
    0x00, 0x40, 0x03, 0xFE, 0x00, 0x01, 0xFF, 0xC0, 0x40, 0x3F, 0xE0, 0x01, 0x0F, 0xF8, 0x40, 0x02,
    0x00, 0x1F, 0xF0, 0x74, 0xB2, 0x02, 0x0D, 0x0D, 0x00, 0x0D, 0x20, 0x01, 0x00, 0x08, 0x00, 0x40,
    0x03, 0xFE, 0x00, 0x00, 0x00, 0x0F, 0xFE, 0x08, 0x80, 0x44, 0x02, 0x20, 0x11, 0x00, 0x88, 0x00,
    0x94, 0xB2, 0x01, 0x0D, 0x0E, 0x00, 0x0D, 0x00, 0x01, 0x00, 0x08, 0x00, 0x40, 0x03, 0xFE, 0x00,
    0x00, 0x00, 0x0F, 0xFE, 0x00, 0x00, 0x00, 0x08, 0x00, 0x40, 0x02, 0x00, 0x1F, 0xF0, 0xA5, 0xB2,
    0x01, 0x0D, 0x0E, 0x00, 0x0D, 0x00, 0x01, 0x00, 0x08, 0x00, 0x40, 0x03, 0xFE, 0x00, 0x00, 0x00,
    0x0F, 0xFE, 0x00, 0x00, 0x7C, 0x0C, 0x10, 0x40, 0xC3, 0x04, 0x07, 0xC0, 0xC8, 0xB2, 0x01, 0x0B,
    0x0E, 0x01, 0x0D, 0x00, 0x40, 0x0B, 0x01, 0x60, 0x2C, 0x05, 0x80, 0xB0, 0x16, 0x02, 0xC0, 0x5F,
    0xC8, 0x01, 0x00, 0x20, 0x04, 0x00, 0x80, 0xE4, 0xB2, 0x01, 0x0C, 0x0E, 0x01, 0x0D, 0x00, 0x00,
    0x08, 0xFC, 0x88, 0x08, 0x80, 0x88, 0x08, 0x80, 0xE8, 0x08, 0x80, 0x8F, 0xE8, 0x00, 0x80, 0x08,
    0x00, 0x80, 0x08, 0xEB, 0xB2, 0x01, 0x0C, 0x0E, 0x01, 0x0D, 0x00, 0x0F, 0xCC, 0x80, 0xC8, 0x0C,
    0x80, 0xE8, 0x0C, 0xFE, 0xC0, 0x0C, 0x00, 0x03, 0xFC, 0x20, 0x02, 0x00, 0x20, 0x03, 0xFC, 0xF5,
    0xB2, 0x01, 0x0C, 0x0E, 0x01, 0x0D, 0x00, 0x0F, 0xCC, 0x80, 0xC8, 0x0E, 0x80, 0xC8, 0x0C, 0xFE,
    0xC0, 0x00, 0x00, 0x02, 0x0C, 0x3F, 0xC2, 0x0C, 0x20, 0xC3, 0xFC, 0x00, 0xB3, 0x01, 0x0B, 0x0E,
    0x01, 0x0D, 0x00, 0x00, 0x6B, 0xED, 0x41, 0xA8, 0x35, 0x06, 0xA0, 0xF4, 0x1A, 0x83, 0x50, 0x6B,
    0xED, 0x01, 0xA0, 0x34, 0x00, 0x80, 0x54, 0xB3, 0x01, 0x0B, 0x0E, 0x01, 0x0D, 0x00, 0x40, 0x0B,
    0xF1, 0x40, 0x28, 0x05, 0x0F, 0xA0, 0x14, 0x02, 0x80, 0x50, 0x0B, 0xF9, 0x00, 0x20, 0x04, 0x00,
    0x80, 0x70, 0xB3, 0x01, 0x0B, 0x0E, 0x01, 0x0D, 0x00, 0x00, 0x2B, 0xE5, 0x40, 0xA8, 0x15, 0x1E,
    0xA0, 0x54, 0x0A, 0x81, 0x50, 0x2B, 0xE5, 0x00, 0xA0, 0x14, 0x00, 0x80, 0xC4, 0xB3, 0x02, 0x0D,
    0x0B, 0x00, 0x0D, 0x3F, 0xE1, 0x00, 0x08, 0x00, 0x40, 0x02, 0x00, 0x10, 0x00, 0xFF, 0x80, 0x40,
    0x02, 0x00, 0x10, 0x1F, 0xFC, 0xD9, 0xB3, 0x02, 0x0D, 0x0D, 0x00, 0x0D, 0x3F, 0xE1, 0x00, 0x08,
    0x00, 0x7F, 0xC0, 0x20, 0x01, 0x01, 0xFF, 0xC0, 0x00, 0x0F, 0x81, 0x82, 0x08, 0x18, 0x60, 0x80,
    0xF8, 0x00, 0x18, 0xB4, 0x01, 0x0C, 0x0E, 0x00, 0x0D, 0x00, 0x20, 0x02, 0x3F, 0x22, 0x02, 0x20,
    0x22, 0x02, 0x3F, 0x20, 0x82, 0x08, 0x20, 0xC2, 0x7F, 0xA0, 0x02, 0x00, 0x20, 0x02, 0x1C, 0xB4,
    0x01, 0x0C, 0x0E, 0x00, 0x0D, 0x00, 0x23, 0xF2, 0x20, 0x22, 0x02, 0x20, 0x23, 0xF2, 0x08, 0x20,
    0xC2, 0x7F, 0xA0, 0x02, 0x10, 0x21, 0x00, 0x10, 0x01, 0xFE, 0x28, 0xB4, 0x01, 0x0C, 0x0E, 0x00,
    0x0D, 0x00, 0x23, 0xF2, 0x20, 0x22, 0x02, 0x3F, 0x20, 0x82, 0x0C, 0x27, 0xF2, 0x00, 0x01, 0xFE,
    0x10, 0x21, 0x02, 0x10, 0x21, 0xFE, 0x50, 0xB4, 0x02, 0x0D, 0x0D, 0x00, 0x0D, 0x3F, 0xE1, 0x00,
    0x08, 0x00, 0x40, 0x03, 0xFE, 0x00, 0x00, 0x00, 0x0F, 0xFE, 0x02, 0x00, 0x10, 0x00, 0x80, 0x04,
    0x00, 0x20, 0x00, 0xDC, 0xB4, 0x03, 0x0D, 0x0A, 0x00, 0x0D, 0x3F, 0xE1, 0x00, 0x08, 0x00, 0x40,
    0x02, 0x00, 0x1F, 0xF0, 0x00, 0x00, 0x00, 0x00, 0x03, 0xFF, 0x80, 0xDD, 0xB4, 0x02, 0x0D, 0x0D,
    0x00, 0x0D, 0x3F, 0xE1, 0x00, 0x08, 0x00, 0x7F, 0xC0, 0x00, 0x00, 0x01, 0xFF, 0xC0, 0x00, 0x00,
    0x01, 0xFF, 0x00, 0x08, 0x00, 0x40, 0x02, 0x00, 0xE0, 0xB4, 0x02, 0x0D, 0x0D, 0x00, 0x0D, 0x3F,
    0xE1, 0x00, 0x08, 0x00, 0x40, 0x03, 0xFE, 0x00, 0x01, 0xFF, 0xC0, 0x00, 0x00, 0x01, 0x00, 0x08,
    0x00, 0x40, 0x03, 0xFE, 0x00, 0xE4, 0xB4, 0x02, 0x0D, 0x0D, 0x00, 0x0D, 0x3F, 0xE1, 0x00, 0x08,
    0x00, 0x7F, 0xC0, 0x00, 0x3F, 0xF8, 0x00, 0x07, 0xFC, 0x00, 0x21, 0xFF, 0x08, 0x00, 0x40, 0x03,
    0xFE, 0x00, 0x14, 0xB5, 0x01, 0x0B, 0x0E, 0x01, 0x0D, 0x00, 0x40, 0x09, 0xF1, 0x20, 0x24, 0x04,
    0x80, 0x90, 0x12, 0x02, 0x40, 0x4F, 0xC8, 0x01, 0x00, 0x20, 0x04, 0x00, 0x80, 0x10, 0xB6, 0x03,
    0x0D, 0x0A, 0x00, 0x0D, 0x3D, 0xE1, 0x08, 0x08, 0x40, 0x42, 0x02, 0x10, 0x1E, 0xF0, 0x00, 0x00,
    0x40, 0x02, 0x03, 0xFF, 0x80, 0x7C, 0xB7, 0x01, 0x0C, 0x0E, 0x01, 0x0D, 0x00, 0x00, 0x08, 0xFC,
    0x80, 0x48, 0x04, 0x8F, 0xC8, 0x80, 0xE8, 0x08, 0x80, 0x88, 0x08, 0xFE, 0x80, 0x08, 0x00, 0x80,
    0x08, 0x8C, 0xB7, 0x01, 0x0C, 0x0E, 0x01, 0x0D, 0x00, 0x0F, 0xCC, 0x04, 0xC0, 0x4C, 0xFC, 0xE8,
    0x0C, 0x80, 0xCF, 0xEC, 0x00, 0x03, 0xF8, 0x20, 0xC2, 0x0C, 0x20, 0xC3, 0xFC, 0x98, 0xB7, 0x01,
    0x0B, 0x0E, 0x01, 0x0D, 0x00, 0x00, 0x6B, 0xED, 0x05, 0xA0, 0xB4, 0x16, 0xBE, 0xF4, 0x1A, 0x83,
    0x50, 0x6B, 0xED, 0x01, 0xA0, 0x34, 0x00, 0x80, 0xC9, 0xB7, 0x01, 0x0C, 0x0E, 0x01, 0x0D, 0x00,
    0x0F, 0xCC, 0x04, 0xE0, 0x4C, 0xFC, 0xC8, 0x0E, 0x80, 0xCF, 0xEC, 0x00, 0x01, 0xF0, 0x20, 0x86,
    0x0C, 0x20, 0x81, 0xF0, 0xEC, 0xB7, 0x01, 0x0B, 0x0E, 0x01, 0x0D, 0x00, 0x40, 0x0B, 0xF1, 0x02,
    0x20, 0x45, 0xF8, 0xA0, 0x74, 0x02, 0x80, 0x50, 0x0B, 0xF9, 0x00, 0x20, 0x04, 0x00, 0x80, 0xED,
    0xB7, 0x01, 0x0B, 0x0E, 0x01, 0x0D, 0x00, 0x5F, 0x88, 0x11, 0x02, 0x2F, 0xDD, 0x00, 0xA0, 0x17,
    0xF2, 0x00, 0x07, 0xF8, 0x01, 0x00, 0x20, 0x04, 0x00, 0x80, 0xF0, 0xB7, 0x01, 0x0B, 0x0E, 0x01,
    0x0D, 0x00, 0x5F, 0x88, 0x11, 0x02, 0x2F, 0xDD, 0x00, 0xA0, 0x17, 0xF2, 0x00, 0x44, 0x08, 0x80,
    0x10, 0x02, 0x00, 0x7F, 0x80, 0xFD, 0xB7, 0x01, 0x0B, 0x0E, 0x01, 0x0D, 0x00, 0x5F, 0x88, 0x11,
    0x02, 0xEF, 0xC5, 0x00, 0xBF, 0x90, 0x00, 0x00, 0x04, 0x08, 0xFF, 0x10, 0x22, 0x04, 0x7F, 0x80,
    0x08, 0xB8, 0x01, 0x0B, 0x0E, 0x01, 0x0D, 0x00, 0x00, 0x2B, 0xE5, 0x0C, 0xA1, 0x94, 0x3E, 0xBE,
    0x54, 0x0A, 0x81, 0x50, 0x2B, 0xE5, 0x00, 0xA0, 0x14, 0x00, 0x80, 0x0C, 0xB8, 0x01, 0x0B, 0x0E,
    0x01, 0x0D, 0x01, 0x5F, 0x28, 0x25, 0x04, 0xAF, 0xF5, 0x02, 0xA0, 0x57, 0xEA, 0x01, 0x44, 0x28,
    0x80, 0x10, 0x02, 0x00, 0x7F, 0xC0, 0x24, 0xB8, 0x01, 0x0B, 0x0E, 0x01, 0x0D, 0x00, 0x5F, 0x88,
    0x11, 0x03, 0xE0, 0x45, 0xF8, 0xA0, 0x14, 0x1E, 0x80, 0x50, 0x0B, 0xF1, 0x00, 0x20, 0x04, 0x00,
    0x80, 0x25, 0xB8, 0x01, 0x0B, 0x0E, 0x01, 0x0D, 0x00, 0x5F, 0x88, 0x17, 0x02, 0x2F, 0xC5, 0x03,
    0xA0, 0x17, 0xE2, 0x00, 0x07, 0xF8, 0x01, 0x00, 0x20, 0x04, 0x00, 0x80, 0x5C, 0xB8, 0x02, 0x0D,
    0x0B, 0x00, 0x0D, 0x3F, 0xE0, 0x01, 0x00, 0x08, 0x7F, 0xC2, 0x00, 0x10, 0x00, 0x80, 0x07, 0xFC,
    0x02, 0x00, 0x10, 0x1F, 0xFC, 0x5D, 0xB8, 0x02, 0x0D, 0x0D, 0x00, 0x0D, 0x3F, 0xE0, 0x01, 0x0F,
    0xF8, 0x40, 0x03, 0xFE, 0x01, 0x00, 0x08, 0x0F, 0xFE, 0x00, 0x01, 0xFF, 0x00, 0x08, 0x00, 0x40,
    0x02, 0x00, 0x64, 0xB8, 0x02, 0x0D, 0x0D, 0x00, 0x0D, 0x3F, 0xE0, 0x01, 0x0F, 0xF8, 0x40, 0x03,
    0xFE, 0x01, 0x01, 0xFF, 0xC0, 0x00, 0x3F, 0xE0, 0x01, 0x0F, 0xF8, 0x40, 0x03, 0xFE, 0x00, 0x6F,
    0xB8, 0x02, 0x0D, 0x0D, 0x00, 0x0D, 0x3F, 0xE0, 0x01, 0x0F, 0xF8, 0x40, 0x03, 0xFE, 0x01, 0x00,
    0x08, 0x0F, 0xFE, 0x00, 0x00, 0x10, 0x01, 0xC0, 0x33, 0x02, 0x02, 0x00, 0xCC, 0xB8, 0x02, 0x0D,
    0x0B, 0x00, 0x0D, 0x3F, 0xE0, 0x01, 0x00, 0x08, 0x7F, 0xC2, 0x00, 0x10, 0x00, 0x80, 0x07, 0xFC,
    0x08, 0x80, 0x44, 0x1F, 0xFC, 0x58, 0xB9, 0x02, 0x0D, 0x0D, 0x00, 0x0D, 0x3F, 0xE0, 0x01, 0x0F,
    0xF8, 0x40, 0x02, 0x00, 0x1F, 0xF0, 0x00, 0x0F, 0xFE, 0x08, 0x80, 0x44, 0x02, 0x20, 0x11, 0x00,
    0x88, 0x00, 0x78, 0xB9, 0x02, 0x0D, 0x0D, 0x00, 0x0D, 0x3F, 0xE0, 0x01, 0x0F, 0xF8, 0x40, 0x02,
    0x00, 0x1F, 0xF0, 0x00, 0x0F, 0xFE, 0x00, 0x01, 0x00, 0x08, 0x00, 0x40, 0x03, 0xFE, 0x00, 0x7C,
    0xB9, 0x02, 0x0D, 0x0D, 0x00, 0x0D, 0x3F, 0xE0, 0x01, 0x0F, 0xF8, 0x40, 0x03, 0xFE, 0x00, 0x01,
    0xFF, 0xC0, 0x00, 0x3F, 0xE0, 0x01, 0x0F, 0xF8, 0x40, 0x03, 0xFE, 0x00, 0x84, 0xB9, 0x02, 0x0D,
    0x0D, 0x00, 0x0D, 0x3F, 0xE0, 0x01, 0x0F, 0xF8, 0x40, 0x03, 0xFE, 0x00, 0x01, 0xFF, 0xC0, 0x00,
    0x00, 0x01, 0xFF, 0x08, 0x08, 0x40, 0x43, 0xFE, 0x00, 0x85, 0xB9, 0x02, 0x0D, 0x0D, 0x00, 0x0D,
    0x3F, 0xE0, 0x01, 0x0F, 0xF8, 0x40, 0x03, 0xFE, 0x00, 0x01, 0xFF, 0xC0, 0x00, 0x20, 0x21, 0xFF,
    0x08, 0x08, 0x40, 0x43, 0xFE, 0x00, 0xAC, 0xB9, 0x01, 0x0B, 0x0E, 0x01, 0x0D, 0x00, 0x40, 0x0B,
    0xF1, 0x02, 0x20, 0x45, 0xF8, 0xB0, 0x16, 0x02, 0xC0, 0x58, 0x0B, 0xF9, 0x00, 0x20, 0x04, 0x00,
    0x80, 0xB0, 0xB9, 0x01, 0x0B, 0x0E, 0x01, 0x0D, 0x00, 0x5F, 0x88, 0x11, 0x02, 0x2F, 0xC5, 0x00,
    0xA0, 0x17, 0xF2, 0x00, 0x44, 0x08, 0x80, 0x10, 0x02, 0x00, 0x7F, 0x80, 0xB4, 0xB9, 0x01, 0x0B,
    0x0E, 0x01, 0x0D, 0x00, 0x5F, 0x88, 0x11, 0x7E, 0x28, 0x05, 0x00, 0xBF, 0x90, 0x00, 0x3F, 0xC0,
    0x08, 0xFF, 0x10, 0x02, 0x00, 0x7F, 0x80, 0xC1, 0xB9, 0x01, 0x0B, 0x0E, 0x01, 0x0D, 0x00, 0x5F,
    0x88, 0x11, 0x02, 0x2F, 0xC5, 0x00, 0xA0, 0x17, 0xF2, 0x00, 0x43, 0xF0, 0x83, 0x10, 0x23, 0x0C,
    0x3E, 0x00, 0xC8, 0xB9, 0x01, 0x0C, 0x0E, 0x01, 0x0D, 0x00, 0x00, 0x08, 0xFC, 0x88, 0x48, 0x84,
    0x88, 0x48, 0x84, 0xE8, 0x48, 0x84, 0x8F, 0xC8, 0x00, 0x80, 0x08, 0x00, 0x80, 0x08, 0xC9, 0xB9,
    0x01, 0x0C, 0x0E, 0x01, 0x0D, 0x00, 0x8F, 0xCC, 0x84, 0xC8, 0x4C, 0x84, 0xE8, 0x4C, 0xFC, 0xC0,
    0x0C, 0x00, 0x07, 0xF8, 0x00, 0xC0, 0x0C, 0x00, 0xC0, 0x08, 0xCC, 0xB9, 0x01, 0x0C, 0x0E, 0x01,
    0x0D, 0x00, 0x00, 0x0C, 0xFC, 0xC8, 0x4C, 0x84, 0xE8, 0x4C, 0x84, 0xCF, 0xCC, 0x00, 0xC0, 0x0C,
    0x20, 0x02, 0x00, 0x20, 0x03, 0xFC, 0xDE, 0xB9, 0x01, 0x0C, 0x0E, 0x01, 0x0D, 0x00, 0x0F, 0xCC,
    0x84, 0xC8, 0x4C, 0x84, 0xE8, 0x4C, 0xFC, 0xC0, 0x0C, 0x00, 0x07, 0xFC, 0x04, 0x00, 0xE0, 0x31,
    0x84, 0x04, 0x48, 0xBA, 0x01, 0x0B, 0x0E, 0x01, 0x0D, 0x00, 0x5F, 0x8A, 0x11, 0x42, 0x28, 0x7D,
    0x08, 0xBF, 0x10, 0x02, 0x00, 0x07, 0xF8, 0x81, 0x10, 0x22, 0x04, 0x7F, 0x80, 0x54, 0xBA, 0x01,
    0x0B, 0x0E, 0x01, 0x0D, 0x00, 0x00, 0x2B, 0xE5, 0x44, 0xA8, 0x95, 0x1E, 0xA2, 0x54, 0x4A, 0x89,
    0x5F, 0x28, 0x05, 0x00, 0xA0, 0x14, 0x00, 0x80, 0x74, 0xBA, 0x01, 0x0B, 0x0E, 0x01, 0x0D, 0x00,
    0x5F, 0x8A, 0x11, 0x43, 0xE8, 0x45, 0x0F, 0xA1, 0x17, 0xE2, 0x00, 0x40, 0x08, 0x80, 0x10, 0x02,
    0x00, 0x7F, 0x80, 0xA8, 0xBA, 0x02, 0x0D, 0x0B, 0x00, 0x0D, 0x3F, 0xE1, 0x01, 0x08, 0x08, 0x40,
    0x42, 0x02, 0x10, 0x10, 0xFF, 0x80, 0x40, 0x02, 0x00, 0x10, 0x1F, 0xFC, 0xA9, 0xBA, 0x02, 0x0D,
    0x0D, 0x00, 0x0D, 0x3F, 0xE1, 0x01, 0x08, 0x08, 0x7F, 0xC0, 0x20, 0x01, 0x01, 0xFF, 0xC0, 0x00,
    0x00, 0x01, 0xFF, 0x00, 0x08, 0x00, 0x40, 0x02, 0x00, 0xBB, 0xBA, 0x02, 0x0D, 0x0D, 0x00, 0x0D,
    0x3F, 0xE1, 0x01, 0x08, 0x08, 0x7F, 0xC0, 0x20, 0x01, 0x01, 0xFF, 0xC0, 0x00, 0x02, 0x00, 0x30,
    0x01, 0x40, 0x31, 0x82, 0x02, 0x00, 0xAC, 0xBB, 0x02, 0x0D, 0x0D, 0x00, 0x0D, 0x3F, 0xE1, 0x01,
    0x08, 0x08, 0x7F, 0xC0, 0x00, 0x3F, 0xF8, 0x22, 0x07, 0xFC, 0x00, 0x21, 0xFF, 0x08, 0x00, 0x40,
    0x03, 0xFE, 0x00, 0xF8, 0xBB, 0x01, 0x0B, 0x0E, 0x01, 0x0D, 0x00, 0x40, 0x0B, 0xF1, 0x62, 0x2C,
    0x45, 0x88, 0xB1, 0x16, 0x22, 0xC4, 0x5F, 0x88, 0x01, 0x00, 0x20, 0x04, 0x00, 0x80, 0x00, 0xBC,
    0x01, 0x0B, 0x0E, 0x01, 0x0D, 0x00, 0x5F, 0x8A, 0x11, 0x42, 0x28, 0x45, 0x08, 0xBF, 0x10, 0x00,
    0x3F, 0xC0, 0x08, 0xFF, 0x10, 0x02, 0x00, 0x7F, 0x80, 0x14, 0xBC, 0x01, 0x0C, 0x0E, 0x01, 0x0D,
    0x00, 0x00, 0x48, 0x84, 0x88, 0x48, 0x84, 0x8F, 0xC8, 0x84, 0xE8, 0x48, 0x84, 0x88, 0x48, 0xFC,
    0x80, 0x08, 0x00, 0x80, 0x08, 0x1B, 0xBC, 0x01, 0x0C, 0x0E, 0x01, 0x0D, 0x00, 0x08, 0x4C, 0x84,
    0xCF, 0xCC, 0x84, 0xE8, 0x4C, 0xFC, 0xC0, 0x0C, 0x00, 0x03, 0xFC, 0x20, 0x02, 0x00, 0x20, 0x03,
    0xFC, 0x1D, 0xBC, 0x01, 0x0C, 0x0E, 0x01, 0x0D, 0x00, 0x08, 0x4C, 0x84, 0xCF, 0xCE, 0x84, 0xC8,
    0x4C, 0xFC, 0xC0, 0x00, 0x7B, 0x80, 0x8C, 0x78, 0xC4, 0x0C, 0x40, 0xC7, 0xCC, 0x29, 0xBC, 0x01,
    0x0C, 0x0E, 0x01, 0x0D, 0x00, 0x08, 0x4C, 0x84, 0xCF, 0xCC, 0x84, 0xE8, 0x4C, 0xFC, 0xC0, 0x0C,
    0x00, 0x01, 0xF0, 0x20, 0x86, 0x0C, 0x20, 0x81, 0xF0, 0x30, 0xBC, 0x01, 0x0B, 0x0E, 0x01, 0x0D,
    0x00, 0x00, 0x2A, 0x25, 0x44, 0xA8, 0x95, 0xF2, 0xA2, 0x74, 0x4A, 0x89, 0x5F, 0x28, 0x05, 0x00,
    0xA0, 0x14, 0x00, 0x80, 0x84, 0xBC, 0x01, 0x0B, 0x0E, 0x01, 0x0D, 0x00, 0x40, 0x8A, 0x11, 0x42,
    0x28, 0x45, 0xFF, 0xA1, 0x14, 0x22, 0x84, 0x5F, 0x88, 0x01, 0x00, 0x20, 0x04, 0x00, 0x80, 0x88,
    0xBC, 0x01, 0x0B, 0x0E, 0x01, 0x0D, 0x00, 0x40, 0x8A, 0x11, 0x42, 0x2F, 0xFD, 0x08, 0xA1, 0x17,
    0xE2, 0x00, 0x44, 0x08, 0x81, 0x10, 0x02, 0x00, 0x7F, 0x80, 0xC0, 0xBC, 0x01, 0x0B, 0x0E, 0x01,
    0x0D, 0x00, 0x40, 0x8A, 0x11, 0x43, 0xEF, 0xC5, 0x0F, 0xA1, 0x17, 0xE2, 0x00, 0x44, 0x08, 0x81,
    0x10, 0x02, 0x00, 0x7F, 0x80, 0xF4, 0xBC, 0x02, 0x0D, 0x0B, 0x00, 0x0D, 0x20, 0x01, 0x01, 0x08,
    0x08, 0x7F, 0xC2, 0x02, 0x10, 0x10, 0xFF, 0x80, 0x40, 0x02, 0x00, 0x10, 0x1F, 0xFC, 0xF5, 0xBC,
    0x01, 0x0D, 0x0E, 0x00, 0x0D, 0x00, 0x01, 0x03, 0x0F, 0xF8, 0x40, 0xC2, 0x06, 0x1F, 0xF0, 0x08,
    0x0F, 0xFE, 0x00, 0x00, 0x00, 0x0F, 0xF8, 0x00, 0x40, 0x02, 0x00, 0x10, 0xF8, 0xBC, 0x02, 0x0D,
    0x0D, 0x00, 0x0D, 0x20, 0x61, 0x03, 0x0F, 0xF8, 0x40, 0xC3, 0xFE, 0x01, 0x00, 0x08, 0x0F, 0xFE,
    0x00, 0x01, 0x00, 0x08, 0x00, 0x40, 0x03, 0xFE, 0x00, 0x80, 0xBD, 0x02, 0x0D, 0x0D, 0x00, 0x0D,
    0x20, 0x21, 0x01, 0x0F, 0xF8, 0x40, 0x42, 0x02, 0x1F, 0xF0, 0x00, 0x0F, 0xFE, 0x02, 0x00, 0x10,
    0x00, 0x80, 0x04, 0x00, 0x20, 0x00, 0x84, 0xBD, 0x02, 0x0D, 0x0D, 0x00, 0x0D, 0x20, 0x61, 0xFF,
    0x08, 0x18, 0x40, 0xC3, 0xFE, 0x00, 0x01, 0xFF, 0xC0, 0x40, 0x02, 0x01, 0x10, 0x08, 0x00, 0x40,
    0x03, 0xFE, 0x00, 0x88, 0xBD, 0x01, 0x0D, 0x0E, 0x00, 0x0D, 0x00, 0x01, 0x03, 0x0F, 0xF8, 0x40,
    0xC3, 0xFE, 0x00, 0x01, 0xFF, 0xC0, 0x40, 0x3F, 0xE0, 0x01, 0x0F, 0xF8, 0x40, 0x02, 0x00, 0x1F,
    0xF0, 0x0C, 0xBE, 0x02, 0x0D, 0x0B, 0x00, 0x0D, 0x20, 0x01, 0x01, 0x08, 0x08, 0x7F, 0xC2, 0x02,
    0x10, 0x10, 0xFF, 0x80, 0x00, 0x00, 0x00, 0x00, 0x1F, 0xFC, 0x14, 0xBE, 0x01, 0x0D, 0x0E, 0x00,
    0x0D, 0x00, 0x01, 0x03, 0x0F, 0xF8, 0x40, 0xC3, 0xFE, 0x00, 0x01, 0xFF, 0xC0, 0x00, 0x3F, 0xE0,
    0x01, 0x0F, 0xF8, 0x40, 0x02, 0x00, 0x1F, 0xF0, 0x44, 0xBE, 0x01, 0x0B, 0x0E, 0x01, 0x0D, 0x00,
    0x40, 0x0B, 0x11, 0x62, 0x2C, 0x45, 0xF8, 0xB1, 0x16, 0x22, 0xC4, 0x58, 0x8B, 0xF1, 0x00, 0x20,
    0x04, 0x00, 0x80, 0xAC, 0xC0, 0x01, 0x0D, 0x0E, 0x00, 0x0D, 0x00, 0x00, 0x02, 0x02, 0x10, 0x10,
    0x80, 0x84, 0x04, 0x20, 0x61, 0xC2, 0x88, 0x26, 0x43, 0x1A, 0x10, 0x10, 0x00, 0x80, 0x04, 0x00,
    0x20, 0xAD, 0xC0, 0x01, 0x0D, 0x0E, 0x00, 0x0D, 0x00, 0x00, 0x43, 0x02, 0x18, 0x10, 0xC1, 0xC7,
    0x0A, 0x31, 0x8D, 0x88, 0x0C, 0x00, 0x01, 0xFE, 0x00, 0x18, 0x00, 0xC0, 0x06, 0x00, 0x20, 0xB0,
    0xC0, 0x01, 0x0D, 0x0E, 0x00, 0x0D, 0x00, 0x00, 0x43, 0x02, 0x18, 0x10, 0xC1, 0xC7, 0x0A, 0x30,
    0x89, 0x88, 0x2C, 0x00, 0x60, 0x83, 0x04, 0x00, 0x20, 0x01, 0x00, 0x0F, 0xF0, 0xC1, 0xC0, 0x01,
    0x0D, 0x0E, 0x00, 0x0D, 0x00, 0x00, 0x43, 0x02, 0x18, 0x10, 0xC1, 0x87, 0x0A, 0x30, 0x89, 0x88,
    0x0C, 0x00, 0x00, 0x7C, 0x04, 0x10, 0x60, 0xC1, 0x04, 0x07, 0xC0, 0xC8, 0xC0, 0x01, 0x0C, 0x0E,
    0x00, 0x0D, 0x00, 0x00, 0x0A, 0x10, 0xA1, 0x0A, 0x10, 0xA1, 0x8A, 0x18, 0xE1, 0x8A, 0x24, 0xA6,
    0x6A, 0x40, 0xA0, 0x0A, 0x00, 0xA0, 0x02, 0xC9, 0xC0, 0x01, 0x0C, 0x0E, 0x00, 0x0D, 0x00, 0x01,
    0x0A, 0x10, 0xA1, 0x8A, 0x18, 0xE3, 0x8A, 0x66, 0xA4, 0x0A, 0x00, 0x01, 0xFE, 0x00, 0x20, 0x02,
    0x00, 0x20, 0x02, 0xDD, 0xC0, 0x01, 0x0C, 0x0E, 0x00, 0x0D, 0x00, 0x01, 0x0A, 0x10, 0xA1, 0x8A,
    0x18, 0xE3, 0x8A, 0x66, 0xA4, 0x0A, 0x00, 0x20, 0xFC, 0x18, 0x21, 0x02, 0x18, 0x20, 0x7C, 0xF7,
    0xC0, 0x01, 0x0D, 0x0E, 0x00, 0x0D, 0x00, 0x00, 0x43, 0x02, 0x18, 0x10, 0xE1, 0x86, 0x0A, 0x30,
    0x99, 0xC8, 0x2C, 0x00, 0x60, 0x10, 0x00, 0xC0, 0x0A, 0x01, 0x8C, 0x10, 0x10, 0x1C, 0xC1, 0x01,
    0x0C, 0x0E, 0x00, 0x0D, 0x00, 0x20, 0x02, 0x08, 0x20, 0x82, 0x08, 0x20, 0x9E, 0x1C, 0x21, 0x42,
    0x32, 0x26, 0x32, 0x41, 0x20, 0x02, 0x00, 0x20, 0x02, 0x20, 0xC1, 0x01, 0x0C, 0x0E, 0x00, 0x0D,
    0x00, 0x20, 0x82, 0x08, 0x20, 0x82, 0x09, 0xE1, 0xC2, 0x14, 0x22, 0x32, 0x40, 0x20, 0x02, 0x10,
    0x21, 0x00, 0x10, 0x01, 0xFE, 0x24, 0xC1, 0x01, 0x0C, 0x0E, 0x00, 0x0D, 0x00, 0x20, 0x82, 0x08,
    0x20, 0x9E, 0x1C, 0x23, 0x62, 0x61, 0x20, 0x00, 0x1F, 0xE0, 0x02, 0x1F, 0xE1, 0x00, 0x10, 0x01,
    0xFF, 0x38, 0xC1, 0x01, 0x0C, 0x0E, 0x00, 0x0D, 0x00, 0x00, 0x0A, 0x10, 0xA1, 0x0A, 0x18, 0xA1,
    0xBA, 0x18, 0xA1, 0x8A, 0x24, 0xA6, 0x6A, 0x40, 0xA0, 0x0A, 0x00, 0xA0, 0x02, 0x40, 0xC1, 0x01,
    0x0C, 0x0E, 0x00, 0x0D, 0x00, 0x01, 0x0A, 0x10, 0xA1, 0xBA, 0x18, 0xA2, 0x4A, 0x42, 0xA0, 0x00,
    0x1F, 0xE0, 0x02, 0x1F, 0xE1, 0x00, 0x10, 0x01, 0xFF, 0x4B, 0xC1, 0x01, 0x0D, 0x0E, 0x00, 0x0D,
    0x00, 0x20, 0x85, 0x04, 0x28, 0x37, 0x41, 0x8A, 0x16, 0x51, 0x9A, 0x80, 0x14, 0x00, 0x20, 0x08,
    0x00, 0xC0, 0x0D, 0x01, 0xC6, 0x08, 0x08, 0x58, 0xC1, 0x01, 0x0C, 0x0E, 0x00, 0x0D, 0x00, 0x20,
    0x82, 0x09, 0xE0, 0x82, 0x08, 0x21, 0x5E, 0x36, 0x26, 0x32, 0x00, 0x20, 0x02, 0x10, 0x21, 0x00,
    0x10, 0x01, 0xFE, 0x8C, 0xC1, 0x02, 0x0D, 0x0B, 0x00, 0x0D, 0x02, 0x00, 0x10, 0x01, 0x80, 0x0E,
    0x00, 0xD8, 0x1C, 0x61, 0x80, 0x80, 0x40, 0x02, 0x00, 0x10, 0x1F, 0xFC, 0x8D, 0xC1, 0x01, 0x0D,
    0x0E, 0x00, 0x0D, 0x00, 0x00, 0x10, 0x01, 0xC0, 0x1A, 0x03, 0x8E, 0x11, 0x10, 0x08, 0x0F, 0xFE,
    0x00, 0x01, 0xFF, 0x00, 0x08, 0x00, 0x40, 0x02, 0x00, 0x10, 0x90, 0xC1, 0x01, 0x0D, 0x0E, 0x00,
    0x0D, 0x00, 0x00, 0x10, 0x00, 0x80, 0x0E, 0x00, 0x98, 0x19, 0x30, 0x08, 0x00, 0x40, 0x7F, 0xF0,
    0x00, 0x08, 0x00, 0x40, 0x02, 0x00, 0x1F, 0xF0, 0xA1, 0xC1, 0x01, 0x0D, 0x0E, 0x00, 0x0D, 0x00,
    0x00, 0x10, 0x01, 0x80, 0x1A, 0x03, 0x8C, 0x11, 0x10, 0x08, 0x0F, 0xFE, 0x00, 0x00, 0x7C, 0x0C,
    0x10, 0x40, 0xC3, 0x04, 0x07, 0xC0, 0x18, 0xC2, 0x01, 0x0D, 0x0E, 0x00, 0x0D, 0x00, 0x00, 0x10,
    0x00, 0x80, 0x0E, 0x00, 0xD8, 0x18, 0x30, 0x00, 0x00, 0x00, 0x7F, 0xF0, 0x10, 0x00, 0x80, 0x04,
    0x00, 0x20, 0x01, 0x00, 0x28, 0xC2, 0x01, 0x0D, 0x0E, 0x00, 0x0D, 0x00, 0x00, 0x10, 0x01, 0x80,
    0x1A, 0x01, 0x8C, 0x10, 0x10, 0x00, 0x0F, 0xFE, 0x02, 0x01, 0xFF, 0x08, 0x08, 0x40, 0x42, 0x02,
    0x1F, 0xF0, 0xA4, 0xC2, 0x02, 0x0D, 0x0B, 0x00, 0x0D, 0x02, 0x00, 0x10, 0x01, 0x80, 0x0E, 0x00,
    0xD8, 0x0C, 0x61, 0x81, 0x80, 0x00, 0x00, 0x00, 0x00, 0x1F, 0xFC, 0xAC, 0xC2, 0x01, 0x0D, 0x0E,
    0x00, 0x0D, 0x02, 0x00, 0x10, 0x01, 0xC0, 0x1B, 0x03, 0x06, 0x00, 0x01, 0xFF, 0xC0, 0x00, 0x3F,
    0xE0, 0x01, 0x0F, 0xF8, 0x40, 0x02, 0x00, 0x1F, 0xF0, 0xB5, 0xC2, 0x01, 0x0D, 0x0E, 0x00, 0x0D,
    0x02, 0x00, 0x10, 0x01, 0xC0, 0x1B, 0x03, 0x06, 0x00, 0x01, 0xFF, 0xC0, 0x00, 0x00, 0x01, 0x03,
    0x0F, 0xF8, 0x40, 0xC2, 0x06, 0x1F, 0xF0, 0xDC, 0xC2, 0x02, 0x0C, 0x0D, 0x00, 0x0D, 0x00, 0x20,
    0x82, 0x08, 0x20, 0x82, 0x08, 0x20, 0xC2, 0x14, 0x23, 0x22, 0x63, 0x24, 0x12, 0x00, 0x20, 0x02,
    0x00, 0x20, 0xDD, 0xC2, 0x01, 0x0C, 0x0E, 0x00, 0x0D, 0x00, 0x20, 0x82, 0x08, 0x20, 0x82, 0x1C,
    0x21, 0x62, 0x63, 0x24, 0x02, 0x00, 0x01, 0xFE, 0x00, 0x20, 0x02, 0x00, 0x20, 0x02, 0xE0, 0xC2,
    0x01, 0x0C, 0x0E, 0x00, 0x0D, 0x00, 0x20, 0x82, 0x08, 0x20, 0x82, 0x0C, 0x21, 0x42, 0x32, 0x26,
    0x12, 0x00, 0x20, 0x02, 0x10, 0x21, 0x00, 0x10, 0x01, 0xFE, 0xE4, 0xC2, 0x01, 0x0C, 0x0E, 0x00,
    0x0D, 0x00, 0x20, 0x82, 0x08, 0x20, 0xC2, 0x14, 0x23, 0x22, 0x41, 0x20, 0x00, 0x1F, 0xE0, 0x02,
    0x1F, 0xE1, 0x00, 0x10, 0x01, 0xFE, 0xF0, 0xC4, 0x02, 0x0D, 0x0B, 0x00, 0x0D, 0x00, 0x00, 0x84,
    0x06, 0x30, 0x31, 0x81, 0x8C, 0x12, 0x91, 0x18, 0x40, 0x00, 0x00, 0x00, 0x00, 0x1F, 0xFC, 0x44,
    0xC5, 0x01, 0x0D, 0x0E, 0x00, 0x0D, 0x00, 0x40, 0xC2, 0x09, 0x10, 0x84, 0x84, 0x24, 0x21, 0x21,
    0x09, 0xC8, 0x48, 0x42, 0x41, 0x22, 0x06, 0x10, 0x00, 0x80, 0x04, 0x00, 0x20, 0x48, 0xC5, 0x01,
    0x0D, 0x0E, 0x00, 0x0D, 0x00, 0x41, 0xE3, 0x18, 0x98, 0x84, 0xC4, 0x27, 0x21, 0x30, 0x99, 0x83,
    0x8C, 0x00, 0x60, 0x03, 0x04, 0x00, 0x20, 0x01, 0x00, 0x0F, 0xF0, 0x4A, 0xC5, 0x01, 0x0D, 0x0E,
    0x00, 0x0D, 0x00, 0x01, 0xE3, 0x18, 0x98, 0x84, 0xE4, 0x26, 0x31, 0x30, 0xF0, 0x00, 0x10, 0x27,
    0xF1, 0x00, 0x08, 0x70, 0x46, 0x43, 0xF2, 0x00, 0xE0, 0x4C, 0xC5, 0x01, 0x0D, 0x0E, 0x00, 0x0D,
    0x00, 0x01, 0xE3, 0x18, 0x98, 0x84, 0xE4, 0x26, 0x33, 0x30, 0x71, 0x80, 0x00, 0x1F, 0xE0, 0x03,
    0x07, 0xF8, 0x20, 0x01, 0x00, 0x0F, 0xF0, 0x61, 0xC5, 0x01, 0x0C, 0x0E, 0x00, 0x0D, 0x00, 0x23,
    0x8A, 0x64, 0xA4, 0x4A, 0x46, 0xE4, 0x4A, 0x64, 0xA3, 0x8A, 0x00, 0x01, 0xFE, 0x00, 0x20, 0x02,
    0x00, 0x20, 0x02, 0x71, 0xC5, 0x01, 0x0C, 0x0E, 0x00, 0x0D, 0x00, 0x23, 0x8A, 0x64, 0xA4, 0x6E,
    0x44, 0xA6, 0x4A, 0x38, 0xA0, 0x00, 0x00, 0x01, 0x02, 0x1F, 0xE1, 0x02, 0x10, 0x21, 0xFE, 0x7C,
    0xC5, 0x01, 0x0D, 0x0E, 0x00, 0x0D, 0x00, 0x40, 0xC2, 0x09, 0x10, 0xC4, 0x84, 0x27, 0x21, 0x21,
    0x09, 0x08, 0x48, 0x42, 0x71, 0x22, 0x06, 0x10, 0x00, 0x80, 0x04, 0x00, 0x20, 0x91, 0xC5, 0x01,
    0x0D, 0x0E, 0x00, 0x0D, 0x00, 0x00, 0xE3, 0x09, 0x98, 0x84, 0xE4, 0x26, 0x21, 0x38, 0x99, 0x83,
    0x8C, 0x00, 0x00, 0x7C, 0x04, 0x10, 0x60, 0xC1, 0x04, 0x07, 0xC0, 0xB4, 0xC5, 0x01, 0x0C, 0x0E,
    0x00, 0x0D, 0x00, 0x21, 0x82, 0x24, 0x24, 0x22, 0x42, 0x24, 0x3E, 0x42, 0x24, 0x22, 0x62, 0x22,
    0x42, 0x18, 0x20, 0x02, 0x00, 0x20, 0x02, 0xB8, 0xC5, 0x01, 0x0C, 0x0E, 0x00, 0x0D, 0x00, 0x23,
    0xC2, 0x66, 0x24, 0x22, 0x43, 0xE4, 0x22, 0x66, 0x23, 0xC2, 0x00, 0x20, 0x02, 0x10, 0x21, 0x00,
    0x10, 0x01, 0xFE, 0xC5, 0xC5, 0x01, 0x0C, 0x0E, 0x00, 0x0D, 0x00, 0x23, 0xC2, 0x66, 0x24, 0x22,
    0x43, 0xE6, 0x22, 0x3C, 0x20, 0x00, 0x00, 0x01, 0x02, 0x1F, 0xE1, 0x02, 0x10, 0x21, 0xFE, 0xC6,
    0xC5, 0x01, 0x0D, 0x0E, 0x00, 0x0D, 0x00, 0x21, 0xE1, 0x18, 0x88, 0x87, 0xC4, 0x22, 0x33, 0x10,
    0xF0, 0x80, 0x00, 0x00, 0x41, 0x32, 0x0F, 0x90, 0x4D, 0xC2, 0x6B, 0x1F, 0x88, 0xC8, 0xC5, 0x01,
    0x0D, 0x0E, 0x00, 0x0D, 0x00, 0x20, 0xE1, 0x19, 0x88, 0x84, 0x44, 0x3E, 0x31, 0x10, 0xF0, 0x80,
    0x04, 0x08, 0x40, 0x46, 0x02, 0x30, 0x29, 0xC2, 0x73, 0x01, 0x00, 0xD0, 0xC5, 0x01, 0x0C, 0x0E,
    0x00, 0x0D, 0x00, 0x00, 0x0A, 0x38, 0xA6, 0xCA, 0x44, 0xA4, 0x4A, 0x47, 0xA4, 0x4A, 0x44, 0xA6,
    0xCA, 0x38, 0xA0, 0x0A, 0x00, 0xA0, 0x02, 0xEC, 0xC5, 0x01, 0x0C, 0x0E, 0x00, 0x0D, 0x00, 0x21,
    0xC2, 0x24, 0x24, 0x3E, 0x42, 0x24, 0x22, 0x42, 0x24, 0x22, 0x43, 0xE2, 0x42, 0x1C, 0x20, 0x02,
    0x00, 0x20, 0x02, 0xF0, 0xC5, 0x01, 0x0C, 0x0E, 0x00, 0x0D, 0x00, 0x21, 0xC2, 0x24, 0x24, 0x3E,
    0x42, 0x24, 0x3E, 0x24, 0x21, 0x82, 0x00, 0x21, 0x02, 0x10, 0x01, 0x00, 0x10, 0x01, 0xFE, 0xF4,
    0xC5, 0x01, 0x0C, 0x0E, 0x00, 0x0D, 0x1C, 0x22, 0x62, 0x43, 0xE4, 0x22, 0x43, 0xE2, 0x42, 0x18,
    0x20, 0x00, 0x1F, 0xE0, 0x02, 0x1F, 0xE1, 0x00, 0x10, 0x01, 0xFF, 0x01, 0xC6, 0x01, 0x0C, 0x0E,
    0x00, 0x0D, 0x00, 0x23, 0xC2, 0x67, 0xE4, 0x22, 0x42, 0x24, 0x3E, 0x64, 0x23, 0x82, 0x00, 0x20,
    0xFC, 0x18, 0x61, 0x02, 0x18, 0x60, 0xF8, 0x08, 0xC6, 0x01, 0x0C, 0x0E, 0x00, 0x0D, 0x00, 0x00,
    0x0A, 0x38, 0xA6, 0xCA, 0x47, 0xA4, 0x4A, 0x44, 0xA4, 0x4A, 0x47, 0xA6, 0xCA, 0x38, 0xA0, 0x0A,
    0x00, 0xA0, 0x02, 0x24, 0xC6, 0x02, 0x0D, 0x0B, 0x00, 0x0D, 0x0F, 0x80, 0x86, 0x08, 0x08, 0x40,
    0x42, 0x02, 0x08, 0x20, 0x3E, 0x00, 0x40, 0x02, 0x00, 0x10, 0x1F, 0xFC, 0x44, 0xC6, 0x01, 0x0D,
    0x0E, 0x00, 0x0D, 0x00, 0x00, 0xE3, 0x08, 0x98, 0xC6, 0xC2, 0x26, 0x1F, 0x38, 0x21, 0x81, 0x0C,
    0x7F, 0x60, 0x03, 0x04, 0x18, 0x20, 0x01, 0x00, 0x0F, 0xF0, 0x78, 0xC6, 0x01, 0x0C, 0x0E, 0x00,
    0x0D, 0x00, 0x21, 0xE2, 0x23, 0x22, 0x12, 0x61, 0x22, 0x12, 0x3E, 0x20, 0xC2, 0x08, 0x20, 0x82,
    0x7F, 0x20, 0x02, 0x00, 0x20, 0x02, 0x7C, 0xC6, 0x01, 0x0C, 0x0E, 0x00, 0x0D, 0x00, 0x21, 0xE2,
    0x23, 0x22, 0x12, 0x21, 0x23, 0x62, 0x0C, 0x20, 0x82, 0x7F, 0x20, 0x02, 0x10, 0x21, 0x00, 0x10,
    0x01, 0xFE, 0x94, 0xC6, 0x02, 0x0D, 0x0B, 0x00, 0x0D, 0x0F, 0x80, 0x86, 0x08, 0x08, 0x40, 0x42,
    0x02, 0x08, 0x20, 0x7E, 0x01, 0x10, 0x08, 0x80, 0x44, 0x1F, 0xFC, 0xA9, 0xC6, 0x02, 0x0D, 0x0D,
    0x00, 0x0D, 0x0F, 0x81, 0x82, 0x08, 0x08, 0x60, 0x81, 0xF8, 0x04, 0x41, 0xFF, 0xC0, 0x00, 0x0F,
    0x81, 0x82, 0x08, 0x18, 0x60, 0x80, 0xF8, 0x00, 0xB0, 0xC6, 0x02, 0x0D, 0x0D, 0x00, 0x0D, 0x0F,
    0x80, 0x82, 0x08, 0x18, 0x40, 0xC1, 0x04, 0x07, 0xC0, 0x00, 0x0F, 0xFE, 0x02, 0x00, 0x10, 0x00,
    0x80, 0x04, 0x00, 0x20, 0x00, 0xB4, 0xC6, 0x02, 0x0D, 0x0D, 0x00, 0x0D, 0x0F, 0x81, 0x82, 0x08,
    0x08, 0x60, 0x80, 0xF8, 0x00, 0x01, 0xFF, 0xC0, 0x40, 0x02, 0x01, 0x10, 0x08, 0x00, 0x40, 0x03,
    0xFE, 0x00, 0xCC, 0xC6, 0x01, 0x0C, 0x0E, 0x00, 0x0D, 0x00, 0x21, 0xE2, 0x23, 0x22, 0x12, 0x23,
    0x21, 0xE2, 0x00, 0x27, 0xFA, 0x08, 0x20, 0x82, 0x09, 0xE0, 0x82, 0x08, 0x20, 0x02, 0xD0, 0xC6,
    0x01, 0x0C, 0x0E, 0x00, 0x0D, 0x00, 0x21, 0xE2, 0x23, 0x22, 0x32, 0x1E, 0x20, 0x02, 0x7F, 0x20,
    0x82, 0x09, 0xE0, 0x82, 0x30, 0x23, 0x00, 0x30, 0x03, 0xFE, 0xE8, 0xC6, 0x01, 0x0C, 0x0E, 0x00,
    0x0D, 0x00, 0x23, 0x8A, 0x64, 0xA4, 0x6A, 0x64, 0xA3, 0xCA, 0x00, 0xA7, 0xEA, 0x10, 0xA1, 0x3A,
    0x10, 0xA1, 0x0A, 0x10, 0xA0, 0x02, 0xF9, 0xC6, 0x01, 0x0C, 0x0E, 0x00, 0x0D, 0x00, 0x03, 0xCA,
    0x66, 0xA6, 0x6A, 0x3C, 0xA0, 0xEA, 0x18, 0xA0, 0xBA, 0x00, 0xA1, 0x02, 0x1F, 0xE1, 0x02, 0x10,
    0x21, 0xFE, 0x20, 0xC7, 0x02, 0x0D, 0x0D, 0x00, 0x0D, 0x0F, 0x80, 0x82, 0x08, 0x18, 0x40, 0xC1,
    0x04, 0x07, 0xC0, 0x00, 0x0F, 0xFE, 0x08, 0x80, 0x44, 0x02, 0x20, 0x11, 0x00, 0x88, 0x00, 0x28,
    0xC7, 0x01, 0x0D, 0x0E, 0x00, 0x0D, 0x0F, 0x81, 0x82, 0x08, 0x08, 0x60, 0xC1, 0xF8, 0x00, 0x01,
    0xFF, 0xC1, 0x10, 0x3F, 0xE0, 0x01, 0x0F, 0xF8, 0x40, 0x02, 0x00, 0x1F, 0xF0, 0x3C, 0xC7, 0x02,
    0x0D, 0x0B, 0x00, 0x0D, 0x0F, 0x80, 0xC6, 0x08, 0x18, 0x40, 0x42, 0x02, 0x10, 0x30, 0x43, 0x01,
    0xF0, 0x00, 0x00, 0x00, 0x1F, 0xFC, 0x40, 0xC7, 0x02, 0x0D, 0x0D, 0x00, 0x0D, 0x0F, 0x81, 0x82,
    0x08, 0x08, 0x60, 0x80, 0xF8, 0x00, 0x01, 0xFF, 0xC0, 0x00, 0x00, 0x01, 0x00, 0x08, 0x00, 0x40,
    0x03, 0xFE, 0x00, 0x44, 0xC7, 0x02, 0x0D, 0x0D, 0x00, 0x0D, 0x1F, 0x81, 0x83, 0x0C, 0x18, 0x3F,
    0x00, 0x00, 0x3F, 0xF8, 0x00, 0x07, 0xFC, 0x00, 0x21, 0xFF, 0x08, 0x00, 0x40, 0x03, 0xFE, 0x00,
    0x4C, 0xC7, 0x02, 0x0D, 0x0D, 0x00, 0x0D, 0x0F, 0x81, 0x82, 0x08, 0x08, 0x60, 0x80, 0xF8, 0x00,
    0x01, 0xFF, 0xC0, 0x00, 0x3F, 0xE1, 0x01, 0x08, 0x08, 0x40, 0x43, 0xFE, 0x00, 0x51, 0xC7, 0x02,
    0x0D, 0x0D, 0x00, 0x0D, 0x0F, 0x81, 0x82, 0x08, 0x08, 0x60, 0x80, 0xF8, 0x00, 0x01, 0xFF, 0xC0,
    0x00, 0x0F, 0x81, 0x82, 0x08, 0x18, 0x60, 0x80, 0xF8, 0x00, 0x58, 0xC7, 0x01, 0x0C, 0x0E, 0x00,
    0x0D, 0x00, 0x21, 0xE2, 0x33, 0x22, 0x12, 0x61, 0x22, 0x12, 0x23, 0x21, 0xE2, 0x00, 0x20, 0x02,
    0x7F, 0x20, 0x02, 0x00, 0x20, 0x02, 0x74, 0xC7, 0x01, 0x0B, 0x0E, 0x01, 0x0D, 0x00, 0x47, 0x09,
    0x31, 0x22, 0x28, 0x45, 0x0C, 0xA1, 0x94, 0x22, 0x44, 0x49, 0x88, 0xE1, 0x00, 0x20, 0x04, 0x00,
    0x80, 0x78, 0xC7, 0x01, 0x0C, 0x0E, 0x00, 0x0D, 0x00, 0x21, 0xC2, 0x22, 0x24, 0x22, 0x43, 0x24,
    0x22, 0x22, 0x21, 0xC2, 0x00, 0x21, 0x02, 0x10, 0x01, 0x00, 0x10, 0x01, 0xFE, 0x7C, 0xC7, 0x01,
    0x0B, 0x0E, 0x01, 0x0D, 0x00, 0x4F, 0x0B, 0x11, 0x42, 0x28, 0x45, 0x88, 0x8E, 0x10, 0x00, 0x3F,
    0xC0, 0x08, 0xFF, 0x10, 0x02, 0x00, 0x7F, 0x80, 0x7D, 0xC7, 0x01, 0x0B, 0x0E, 0x01, 0x0D, 0x00,
    0x4F, 0x0B, 0x11, 0x42, 0x28, 0x45, 0x88, 0x8E, 0x10, 0x00, 0x7B, 0xC1, 0x09, 0xE1, 0x20, 0x24,
    0x04, 0xF8, 0x80, 0x84, 0xC7, 0x01, 0x0B, 0x0E, 0x01, 0x0D, 0x00, 0x47, 0x0B, 0x11, 0x42, 0x28,
    0x45, 0x88, 0x9E, 0x10, 0x02, 0x00, 0x07, 0xF8, 0x81, 0x10, 0x22, 0x04, 0x7F, 0x80, 0x85, 0xC7,
    0x01, 0x0B, 0x0E, 0x01, 0x0D, 0x00, 0x4F, 0x0B, 0x11, 0x42, 0x28, 0x45, 0x88, 0x9E, 0x10, 0x00,
    0x00, 0x04, 0x08, 0xFF, 0x10, 0x22, 0x04, 0x7F, 0x80, 0x88, 0xC7, 0x01, 0x0C, 0x0E, 0x01, 0x0D,
    0x00, 0x43, 0x84, 0xC4, 0x48, 0x44, 0x84, 0x4C, 0x44, 0x78, 0x40, 0x04, 0x10, 0x01, 0x18, 0x31,
    0x82, 0x9C, 0x4E, 0x60, 0x40, 0x90, 0xC7, 0x01, 0x0D, 0x0E, 0x00, 0x0D, 0x00, 0x00, 0x02, 0x1F,
    0xD0, 0x10, 0x80, 0x84, 0x04, 0x20, 0x61, 0xC2, 0x88, 0x34, 0x41, 0x12, 0x10, 0x50, 0x00, 0x80,
    0x04, 0x00, 0x20, 0x91, 0xC7, 0x01, 0x0D, 0x0E, 0x00, 0x0D, 0x00, 0x43, 0xFB, 0x02, 0x18, 0x10,
    0xC1, 0x87, 0x0A, 0x30, 0x89, 0x88, 0x2C, 0x00, 0x01, 0xFE, 0x00, 0x18, 0x00, 0xC0, 0x06, 0x00,
    0x20, 0x98, 0xC7, 0x01, 0x0D, 0x0E, 0x00, 0x0D, 0x00, 0x03, 0xFB, 0x02, 0x18, 0x10, 0xE1, 0x46,
    0x1B, 0x31, 0x85, 0x80, 0x00, 0x1F, 0xE0, 0x03, 0x07, 0xF8, 0x20, 0x01, 0x00, 0x0F, 0xF0, 0xA5,
    0xC7, 0x01, 0x0D, 0x0E, 0x00, 0x0D, 0x00, 0x43, 0xFB, 0x02, 0x18, 0x10, 0xC1, 0x87, 0x0E, 0x30,
    0xD9, 0x8C, 0x2C, 0x00, 0x00, 0x7C, 0x04, 0x10, 0x60, 0xC1, 0x04, 0x07, 0xC0, 0xAC, 0xC7, 0x01,
    0x0C, 0x0E, 0x00, 0x0D, 0x00, 0x00, 0x0A, 0x7E, 0xA1, 0x0A, 0x10, 0xA1, 0x8A, 0x18, 0xE1, 0x8A,
    0x24, 0xA6, 0x6A, 0x40, 0xA0, 0x0A, 0x00, 0xA0, 0x02, 0x00, 0xC8, 0x01, 0x0C, 0x0E, 0x00, 0x0D,
    0x00, 0x20, 0x02, 0x7F, 0x20, 0x82, 0x08, 0x20, 0x9E, 0x1C, 0x21, 0x42, 0x32, 0x26, 0x32, 0x41,
    0x20, 0x02, 0x00, 0x20, 0x02, 0x01, 0xC8, 0x01, 0x0C, 0x0E, 0x00, 0x0D, 0x00, 0x27, 0xF2, 0x08,
    0x20, 0x82, 0x0D, 0xE1, 0x42, 0x32, 0x24, 0x12, 0x00, 0x01, 0xFE, 0x00, 0x20, 0x02, 0x00, 0x20,
    0x02, 0x04, 0xC8, 0x01, 0x0C, 0x0E, 0x00, 0x0D, 0x00, 0x27, 0xF2, 0x08, 0x20, 0x82, 0x09, 0xE1,
    0xC2, 0x36, 0x26, 0x32, 0x00, 0x20, 0x02, 0x10, 0x21, 0x00, 0x10, 0x01, 0xFE, 0x11, 0xC8, 0x01,
    0x0C, 0x0E, 0x00, 0x0D, 0x00, 0x27, 0xF2, 0x08, 0x20, 0x82, 0x1D, 0xE1, 0x42, 0x22, 0x24, 0x12,
    0x00, 0x01, 0x02, 0x1F, 0xE1, 0x02, 0x10, 0x21, 0xFE, 0x15, 0xC8, 0x01, 0x0C, 0x0E, 0x00, 0x0D,
    0x00, 0x27, 0xF2, 0x08, 0x20, 0x82, 0x0D, 0xE1, 0x42, 0x32, 0x26, 0x12, 0x00, 0x20, 0xFC, 0x18,
    0x61, 0x02, 0x18, 0x60, 0xF8, 0x1C, 0xC8, 0x01, 0x0C, 0x0E, 0x00, 0x0D, 0x00, 0x00, 0x0A, 0x7E,
    0xA1, 0x0A, 0x10, 0xA1, 0xBA, 0x18, 0xA1, 0x8A, 0x24, 0xA6, 0x6A, 0x40, 0xA0, 0x0A, 0x00, 0xA0,
    0x02, 0x70, 0xC8, 0x03, 0x0D, 0x0A, 0x00, 0x0D, 0x3F, 0xE0, 0x10, 0x01, 0x80, 0x0A, 0x00, 0x88,
    0x18, 0x30, 0x08, 0x00, 0x40, 0x02, 0x03, 0xFF, 0x80, 0x71, 0xC8, 0x02, 0x0D, 0x0D, 0x00, 0x0D,
    0x3F, 0xE0, 0x30, 0x01, 0x40, 0x31, 0x82, 0x22, 0x01, 0x01, 0xFF, 0xC0, 0x00, 0x3F, 0xE0, 0x01,
    0x00, 0x08, 0x00, 0x40, 0x02, 0x00, 0x85, 0xC8, 0x02, 0x0D, 0x0D, 0x00, 0x0D, 0x3F, 0xE0, 0x30,
    0x01, 0x40, 0x31, 0x82, 0x22, 0x01, 0x01, 0xFF, 0xC0, 0x00, 0x0F, 0x81, 0x82, 0x08, 0x18, 0x60,
    0x80, 0xF8, 0x00, 0x8C, 0xC8, 0x01, 0x0D, 0x0E, 0x00, 0x0D, 0x00, 0x00, 0x02, 0x1F, 0xD0, 0x10,
    0x80, 0xC4, 0x0A, 0x21, 0x8D, 0xC9, 0x08, 0x08, 0x40, 0x42, 0x1F, 0xD0, 0x00, 0x80, 0x04, 0x00,
    0x20, 0xFC, 0xC8, 0x02, 0x0D, 0x0D, 0x00, 0x0D, 0x3F, 0xE0, 0x10, 0x01, 0xC0, 0x1A, 0x01, 0x8C,
    0x10, 0x10, 0x00, 0x0F, 0xFE, 0x02, 0x00, 0x10, 0x00, 0x80, 0x04, 0x00, 0x20, 0x00, 0x00, 0xC9,
    0x02, 0x0D, 0x0D, 0x00, 0x0D, 0x3F, 0xE0, 0x30, 0x01, 0xC0, 0x33, 0x03, 0x06, 0x00, 0x01, 0xFF,
    0xC0, 0x40, 0x02, 0x01, 0x10, 0x08, 0x00, 0x40, 0x03, 0xFE, 0x00, 0x11, 0xC9, 0x02, 0x0D, 0x0D,
    0x00, 0x0D, 0x3F, 0xE0, 0x30, 0x01, 0xC0, 0x33, 0x83, 0x06, 0x00, 0x01, 0xFF, 0xC0, 0x40, 0x0F,
    0x81, 0x82, 0x08, 0x18, 0x60, 0x80, 0xF8, 0x00, 0x90, 0xC9, 0x02, 0x0D, 0x0D, 0x00, 0x0D, 0x3F,
    0xE0, 0x30, 0x01, 0x40, 0x71, 0xC0, 0x00, 0x3F, 0xF8, 0x00, 0x07, 0xFC, 0x00, 0x21, 0xFF, 0x08,
    0x00, 0x40, 0x03, 0xFE, 0x00, 0xC0, 0xC9, 0x01, 0x0C, 0x0E, 0x00, 0x0D, 0x00, 0x20, 0x02, 0x7F,
    0x20, 0x82, 0x08, 0x20, 0x82, 0x0C, 0x21, 0x42, 0x16, 0x22, 0x32, 0x41, 0x20, 0x02, 0x00, 0x20,
    0x02, 0xDC, 0xC9, 0x01, 0x0D, 0x0E, 0x00, 0x0D, 0x00, 0x00, 0x01, 0x1D, 0xE8, 0x64, 0x43, 0x22,
    0x19, 0x10, 0xC8, 0xC6, 0x44, 0x37, 0x22, 0x69, 0x12, 0x28, 0x00, 0x40, 0x02, 0x00, 0x10, 0xBD,
    0xCA, 0x02, 0x0D, 0x0D, 0x00, 0x0D, 0x7D, 0xE0, 0xC4, 0x06, 0x30, 0x4E, 0xC0, 0x20, 0x01, 0x01,
    0xFF, 0xC0, 0x00, 0x3F, 0xE0, 0x01, 0x00, 0x08, 0x00, 0x40, 0x02, 0x00, 0x3E, 0xCC, 0x01, 0x0D,
    0x0E, 0x00, 0x0D, 0x00, 0x00, 0x43, 0x1F, 0xD8, 0x10, 0xC0, 0x87, 0x0E, 0x30, 0xD9, 0x88, 0x2C,
    0x00, 0x01, 0xFF, 0x00, 0x80, 0x0E, 0x01, 0x8C, 0x10, 0x10, 0x44, 0xCC, 0x01, 0x0C, 0x0E, 0x00,
    0x0D, 0x00, 0x01, 0x0A, 0x10, 0xA7, 0xEA, 0x10, 0xA1, 0x0A, 0x18, 0xE1, 0x8A, 0x2C, 0xA6, 0x6A,
    0x42, 0xA0, 0x0A, 0x00, 0xA0, 0x02, 0x98, 0xCC, 0x01, 0x0C, 0x0E, 0x00, 0x0D, 0x00, 0x20, 0x82,
    0x08, 0x27, 0xF2, 0x08, 0x20, 0x82, 0x09, 0xE1, 0xC2, 0x14, 0x22, 0x22, 0x41, 0x20, 0x02, 0x00,
    0x20, 0x02, 0x08, 0xCD, 0x02, 0x0D, 0x0B, 0x00, 0x0D, 0x02, 0x01, 0xFF, 0x00, 0x80, 0x0C, 0x00,
    0x50, 0x0C, 0x40, 0xC1, 0x80, 0x40, 0x02, 0x00, 0x10, 0x1F, 0xFC, 0x5C, 0xCD, 0x01, 0x0C, 0x0E,
    0x00, 0x0D, 0x00, 0x20, 0x82, 0x7F, 0x20, 0xC2, 0x0C, 0x21, 0x62, 0x33, 0x20, 0x02, 0x08, 0x20,
    0xC2, 0x7F, 0xA0, 0x02, 0x00, 0x20, 0x02, 0x94, 0xCD, 0x01, 0x0D, 0x0E, 0x00, 0x0D, 0x00, 0x00,
    0x10, 0x0F, 0xF8, 0x04, 0x00, 0x70, 0x06, 0xC0, 0xE3, 0x04, 0x04, 0x00, 0x03, 0xFF, 0x80, 0x80,
    0x04, 0x00, 0x20, 0x01, 0x00, 0x9C, 0xCD, 0x01, 0x0D, 0x0E, 0x00, 0x0D, 0x02, 0x01, 0xFF, 0x00,
    0x80, 0x0A, 0x00, 0x00, 0x00, 0x01, 0xFF, 0xC0, 0x40, 0x3F, 0xE0, 0x01, 0x00, 0x08, 0x7F, 0xC2,
    0x00, 0x1F, 0xF0, 0xA4, 0xCD, 0x01, 0x0D, 0x0E, 0x00, 0x0D, 0x02, 0x00, 0x10, 0x0F, 0xF8, 0x04,
    0x00, 0x50, 0x1C, 0x70, 0x00, 0x0F, 0xFE, 0x02, 0x01, 0xFF, 0x08, 0x08, 0x40, 0x42, 0x02, 0x1F,
    0xF0, 0xE8, 0xCD, 0x01, 0x0C, 0x0E, 0x00, 0x0D, 0x00, 0x20, 0x82, 0x3F, 0x20, 0xC2, 0x0C, 0x21,
    0x22, 0x61, 0x20, 0x02, 0x7F, 0xA0, 0x82, 0x08, 0x20, 0x82, 0x08, 0x20, 0x02, 0x58, 0xCE, 0x01,
    0x0C, 0x0E, 0x00, 0x0D, 0x00, 0x20, 0x82, 0x08, 0x27, 0xF2, 0x08, 0x20, 0x82, 0x0C, 0x20, 0xC2,
    0x16, 0x23, 0x32, 0x61, 0x20, 0x02, 0x00, 0x20, 0x02, 0x74, 0xCE, 0x01, 0x0D, 0x0E, 0x00, 0x0D,
    0x00, 0x00, 0x02, 0x0F, 0x90, 0x04, 0x80, 0x24, 0x0F, 0x21, 0x91, 0xC0, 0x88, 0x08, 0x40, 0x82,
    0x18, 0x10, 0x00, 0x80, 0x04, 0x00, 0x20, 0x90, 0xCE, 0x01, 0x0C, 0x0E, 0x00, 0x0D, 0x00, 0x00,
    0x0A, 0x7C, 0xA0, 0x4A, 0x04, 0xA7, 0xCA, 0x48, 0xE0, 0x8A, 0x10, 0xA3, 0x0A, 0x40, 0xA0, 0x0A,
    0x00, 0xA0, 0x02, 0x94, 0xCE, 0x01, 0x0C, 0x0E, 0x00, 0x0D, 0x00, 0x27, 0xDA, 0x05, 0xA0, 0x5A,
    0x1D, 0xA7, 0x9E, 0x09, 0xA1, 0x1A, 0x61, 0xA0, 0x1A, 0x10, 0x21, 0x00, 0x10, 0x01, 0xFF, 0xE4,
    0xCE, 0x01, 0x0C, 0x0E, 0x00, 0x0D, 0x00, 0x20, 0x02, 0x7E, 0x20, 0x22, 0x02, 0x20, 0xE2, 0x65,
    0xE0, 0xC2, 0x08, 0x21, 0x02, 0x60, 0x24, 0x02, 0x00, 0x20, 0x02, 0xF4, 0xCE, 0x01, 0x0B, 0x0E,
    0x01, 0x0D, 0x00, 0x4F, 0x88, 0x11, 0x06, 0x2F, 0xBC, 0x30, 0x8C, 0x17, 0x02, 0x00, 0x07, 0xF8,
    0x81, 0x10, 0x22, 0x04, 0x7F, 0x80, 0x1C, 0xCF, 0x01, 0x0C, 0x0E, 0x00, 0x0D, 0x00, 0x20, 0x02,
    0x7E, 0x20, 0x22, 0x03, 0xE7, 0xE2, 0x44, 0x20, 0xC2, 0x09, 0xE1, 0x02, 0x60, 0x24, 0x02, 0x00,
    0x20, 0x02, 0x54, 0xCF, 0x03, 0x0D, 0x0A, 0x00, 0x0D, 0x3F, 0xE0, 0x01, 0x00, 0x08, 0x7F, 0xC0,
    0x06, 0x00, 0x30, 0x11, 0x00, 0x80, 0x04, 0x03, 0xFF, 0x80, 0x6C, 0xD0, 0x03, 0x0D, 0x0A, 0x00,
    0x0D, 0x3F, 0xE0, 0x01, 0x00, 0x08, 0x00, 0xC3, 0xFE, 0x00, 0x30, 0x01, 0x00, 0x08, 0x00, 0x03,
    0xFF, 0x80, 0x74, 0xD0, 0x02, 0x0D, 0x0D, 0x00, 0x0D, 0x3F, 0xE0, 0x01, 0x0F, 0xF8, 0x00, 0xC0,
    0x04, 0x3F, 0xF8, 0x00, 0x07, 0xFC, 0x00, 0x21, 0xFF, 0x08, 0x00, 0x40, 0x03, 0xFE, 0x00, 0xA4,
    0xD0, 0x01, 0x0C, 0x0E, 0x00, 0x0D, 0x00, 0x20, 0x02, 0x3E, 0x20, 0x22, 0x02, 0x21, 0xE2, 0x66,
    0x20, 0x42, 0x08, 0x21, 0x82, 0x60, 0x20, 0x02, 0x00, 0x20, 0x02, 0xC0, 0xD0, 0x01, 0x0C, 0x0E,
    0x01, 0x0D, 0x00, 0x00, 0x08, 0xFC, 0x88, 0x08, 0x80, 0x8F, 0xC8, 0x80, 0xE8, 0x08, 0x80, 0x88,
    0x08, 0xFE, 0x80, 0x08, 0x00, 0x80, 0x08, 0xD0, 0xD0, 0x01, 0x0C, 0x0E, 0x01, 0x0D, 0x00, 0x0F,
    0xCC, 0x80, 0xC8, 0x0C, 0xFC, 0xE8, 0x0C, 0x80, 0xCF, 0xEC, 0x00, 0x03, 0xFC, 0x20, 0xC2, 0x0C,
    0x20, 0xC3, 0xFC, 0xDC, 0xD0, 0x01, 0x0B, 0x0E, 0x01, 0x0D, 0x00, 0x00, 0x2B, 0xE5, 0x40, 0xA8,
    0x15, 0xF2, 0xA0, 0x74, 0x0A, 0x81, 0x50, 0x2B, 0xF5, 0x00, 0xA0, 0x14, 0x00, 0x80, 0xDD, 0xD0,
    0x01, 0x0B, 0x0E, 0x01, 0x0D, 0x00, 0x5F, 0x6A, 0x0D, 0x41, 0xAF, 0xBD, 0x06, 0xA0, 0xD7, 0xDA,
    0x00, 0x07, 0xF8, 0x01, 0x00, 0x20, 0x04, 0x00, 0x80, 0xED, 0xD0, 0x01, 0x0B, 0x0E, 0x01, 0x0D,
    0x00, 0x5F, 0x6A, 0x0D, 0x41, 0xAF, 0xBD, 0x06, 0xBF, 0xD0, 0x02, 0x20, 0x04, 0x08, 0xFF, 0x10,
    0x22, 0x04, 0x7F, 0x80, 0x30, 0xD1, 0x01, 0x0B, 0x0E, 0x01, 0x0D, 0x00, 0x40, 0x0B, 0xF1, 0x40,
    0x28, 0x05, 0xFF, 0xA0, 0x14, 0x02, 0x80, 0x50, 0x0B, 0xF9, 0x00, 0x20, 0x04, 0x00, 0x80, 0x4C,
    0xD1, 0x01, 0x0B, 0x0E, 0x01, 0x0D, 0x00, 0x00, 0x2B, 0xE5, 0x40, 0xA8, 0x15, 0x0E, 0xBC, 0x54,
    0x0A, 0x81, 0x50, 0x2B, 0xE5, 0x00, 0xA0, 0x14, 0x00, 0x80, 0x5C, 0xD1, 0x01, 0x0B, 0x0E, 0x01,
    0x0D, 0x00, 0x5F, 0x2A, 0x05, 0x40, 0xAF, 0xF5, 0x02, 0xA0, 0x57, 0xCA, 0x00, 0x07, 0xF8, 0x81,
    0x10, 0x22, 0x04, 0x7F, 0x80, 0xB8, 0xD2, 0x02, 0x0D, 0x0B, 0x00, 0x0D, 0x3F, 0xE1, 0x00, 0x08,
    0x00, 0x7F, 0x82, 0x00, 0x10, 0x00, 0x80, 0x07, 0xFC, 0x00, 0x00, 0x00, 0x1F, 0xFC, 0xF0, 0xD2,
    0x01, 0x0B, 0x0E, 0x01, 0x0D, 0x00, 0x40, 0x0B, 0xF9, 0x60, 0x2C, 0x05, 0xF8, 0xB0, 0x16, 0x02,
    0xC0, 0x58, 0x09, 0xF9, 0x00, 0x20, 0x04, 0x00, 0x80, 0xF1, 0xD2, 0x01, 0x0B, 0x0E, 0x01, 0x0D,
    0x00, 0x5F, 0x8B, 0x01, 0x60, 0x2F, 0xC5, 0x80, 0xB0, 0x17, 0xF2, 0x00, 0x47, 0xF8, 0x01, 0x00,
    0x20, 0x04, 0x00, 0x80, 0x05, 0xD3, 0x01, 0x0B, 0x0E, 0x01, 0x0D, 0x00, 0x5F, 0x8B, 0x01, 0x60,
    0x2F, 0xC5, 0x80, 0xB0, 0x17, 0xF2, 0x00, 0x43, 0xF0, 0x83, 0x10, 0x23, 0x0C, 0x3E, 0x00, 0x0C,
    0xD3, 0x01, 0x0D, 0x0E, 0x00, 0x0D, 0x00, 0x00, 0x02, 0x1F, 0xD0, 0x4C, 0x82, 0x64, 0x13, 0x20,
    0x99, 0xC4, 0xC8, 0x26, 0x43, 0xFA, 0x00, 0x10, 0x00, 0x80, 0x04, 0x00, 0x20, 0x14, 0xD3, 0x01,
    0x0D, 0x0E, 0x00, 0x0D, 0x00, 0x03, 0xFB, 0x09, 0x98, 0x4C, 0xE2, 0x66, 0x13, 0x31, 0xFD, 0x80,
    0x00, 0x1F, 0xE0, 0x03, 0x07, 0xF8, 0x20, 0x01, 0x00, 0x0F, 0xF0, 0x28, 0xD3, 0x01, 0x0C, 0x0E,
    0x00, 0x0D, 0x00, 0x00, 0x0A, 0x7E, 0xA2, 0x4A, 0x24, 0xA2, 0x4A, 0x24, 0xE2, 0x4A, 0x24, 0xA7,
    0xEA, 0x00, 0xA0, 0x0A, 0x00, 0xA0, 0x02, 0x8C, 0xD3, 0x01, 0x0C, 0x0E, 0x00, 0x0D, 0x00, 0x27,
    0xF2, 0x24, 0x22, 0x42, 0x24, 0xE2, 0x42, 0x3E, 0x27, 0xF2, 0x00, 0x01, 0xFE, 0x10, 0x21, 0x02,
    0x10, 0x21, 0xFE, 0x98, 0xD3, 0x01, 0x0C, 0x0E, 0x00, 0x0D, 0x00, 0x00, 0x0A, 0x7E, 0xA2, 0xCA,
    0x2C, 0xA2, 0xCA, 0x2F, 0xA2, 0xCA, 0x2C, 0xA7, 0xEA, 0x00, 0xA0, 0x0A, 0x00, 0xA0, 0x00, 0xEC,
    0xD3, 0x03, 0x0D, 0x0A, 0x00, 0x0D, 0x3F, 0xE0, 0x44, 0x02, 0x20, 0x11, 0x00, 0x88, 0x1F, 0xF0,
    0x08, 0x00, 0x40, 0x02, 0x03, 0xFF, 0x80, 0xF4, 0xD3, 0x02, 0x0D, 0x0D, 0x00, 0x0D, 0x3F, 0xE0,
    0x44, 0x02, 0x20, 0x7F, 0xC0, 0x20, 0x3F, 0xF8, 0x00, 0x07, 0xFC, 0x00, 0x20, 0x01, 0x0F, 0xF8,
    0x40, 0x03, 0xFE, 0x00, 0x5C, 0xD4, 0x03, 0x0D, 0x0A, 0x00, 0x0D, 0x3F, 0xE0, 0x44, 0x02, 0x20,
    0x11, 0x00, 0x88, 0x1F, 0xF0, 0x22, 0x01, 0x10, 0x08, 0x83, 0xFF, 0x80, 0x04, 0xD5, 0x03, 0x0D,
    0x0A, 0x00, 0x0D, 0x3F, 0xE0, 0x44, 0x02, 0x20, 0x11, 0x00, 0x88, 0x1F, 0xF0, 0x00, 0x00, 0x00,
    0x00, 0x03, 0xFF, 0x80, 0x0C, 0xD5, 0x02, 0x0D, 0x0D, 0x00, 0x0D, 0x3F, 0xE0, 0x44, 0x02, 0x20,
    0x7F, 0xC0, 0x00, 0x3F, 0xF8, 0x00, 0x07, 0xFC, 0x00, 0x20, 0x01, 0x0F, 0xF8, 0x40, 0x03, 0xFE,
    0x00, 0x44, 0xD5, 0x01, 0x0C, 0x0E, 0x00, 0x0D, 0x00, 0x27, 0xF2, 0x12, 0x21, 0x22, 0x12, 0x21,
    0x22, 0x7F, 0x20, 0x00, 0x1F, 0xE0, 0x02, 0x1F, 0xE1, 0x00, 0x10, 0x01, 0xFF, 0x58, 0xD5, 0x01,
    0x0D, 0x0E, 0x00, 0x0D, 0x08, 0x40, 0x42, 0x1F, 0xD0, 0x00, 0x81, 0xC4, 0x13, 0x20, 0x89, 0xC8,
    0x48, 0x62, 0x41, 0x12, 0x07, 0x10, 0x00, 0x80, 0x04, 0x00, 0x20, 0x5C, 0xD5, 0x01, 0x0D, 0x0E,
    0x00, 0x0D, 0x00, 0x00, 0x43, 0x1F, 0xD8, 0x00, 0xC1, 0xC6, 0x11, 0x39, 0x89, 0x84, 0x4C, 0x1C,
    0x60, 0x03, 0x04, 0x10, 0x20, 0x01, 0x00, 0x0F, 0xF0, 0x60, 0xD5, 0x01, 0x0D, 0x0E, 0x00, 0x0D,
    0x08, 0x60, 0x43, 0x1F, 0xD8, 0x38, 0xC2, 0x27, 0x11, 0x30, 0xF9, 0x80, 0x00, 0x1F, 0xC0, 0x03,
    0x00, 0x18, 0x3F, 0x81, 0x00, 0x0F, 0xF0, 0x68, 0xD5, 0x01, 0x0D, 0x0E, 0x00, 0x0D, 0x08, 0x40,
    0x43, 0x1F, 0xD8, 0x38, 0xC2, 0x27, 0x31, 0x30, 0x89, 0x83, 0x8C, 0x00, 0x00, 0xFE, 0x04, 0x18,
    0x20, 0xC1, 0x06, 0x0F, 0xF0, 0x69, 0xD5, 0x01, 0x0D, 0x0E, 0x00, 0x0D, 0x08, 0x00, 0x43, 0x1F,
    0xD8, 0x38, 0xC2, 0x27, 0x31, 0x30, 0x89, 0x83, 0x8C, 0x00, 0x00, 0x83, 0x07, 0xF8, 0x20, 0xC1,
    0x06, 0x0F, 0xF0, 0x6D, 0xD5, 0x01, 0x0D, 0x0E, 0x00, 0x0D, 0x00, 0x00, 0x43, 0x1F, 0xD8, 0x38,
    0xC2, 0x27, 0x31, 0x30, 0x89, 0x83, 0x8C, 0x00, 0x40, 0x7C, 0x04, 0x10, 0x60, 0xC1, 0x04, 0x07,
    0xC0, 0x74, 0xD5, 0x01, 0x0C, 0x0E, 0x00, 0x0D, 0x00, 0x01, 0x0A, 0x10, 0xA7, 0xEA, 0x00, 0xA3,
    0xCA, 0x64, 0xE4, 0x4A, 0x44, 0xA2, 0x4A, 0x38, 0xA0, 0x0A, 0x00, 0xA0, 0x02, 0x88, 0xD5, 0x01,
    0x0D, 0x0E, 0x00, 0x0D, 0x00, 0x00, 0x85, 0x1F, 0xA8, 0x01, 0x43, 0xCE, 0x32, 0x51, 0x12, 0x87,
    0x94, 0x00, 0x00, 0x42, 0x02, 0x30, 0x39, 0xC3, 0x73, 0x01, 0x00, 0x04, 0xD6, 0x01, 0x0C, 0x0E,
    0x00, 0x0D, 0x00, 0x20, 0x82, 0x7F, 0x20, 0x02, 0x1C, 0xE2, 0x22, 0x62, 0xE2, 0x62, 0x1C, 0x20,
    0x02, 0x10, 0x21, 0x00, 0x10, 0x01, 0xFE, 0x15, 0xD6, 0x01, 0x0C, 0x0E, 0x00, 0x0D, 0x08, 0x20,
    0x82, 0x7F, 0x21, 0xC2, 0x26, 0xE6, 0x22, 0x22, 0xE1, 0xC2, 0x00, 0x20, 0xF8, 0x18, 0x61, 0x02,
    0x18, 0x60, 0xFC, 0x38, 0xD6, 0x01, 0x0D, 0x0C, 0x00, 0x0D, 0x02, 0x00, 0x10, 0x1F, 0xFC, 0x00,
    0x00, 0xF8, 0x08, 0x20, 0xC1, 0x02, 0x08, 0x0F, 0x80, 0x10, 0x00, 0x80, 0xFF, 0xE0, 0x54, 0xD6,
    0x01, 0x0D, 0x0E, 0x00, 0x0D, 0x00, 0x00, 0x42, 0x1F, 0xD0, 0x00, 0x81, 0xC4, 0x11, 0x20, 0x89,
    0xC6, 0xC8, 0x08, 0x40, 0x42, 0x1F, 0xD0, 0x00, 0x80, 0x04, 0x00, 0x20, 0x55, 0xD6, 0x01, 0x0D,
    0x0E, 0x00, 0x0D, 0x08, 0x63, 0xFB, 0x00, 0x18, 0x3C, 0xC2, 0x27, 0x11, 0x30, 0x79, 0x81, 0x0C,
    0x7F, 0x60, 0x00, 0x0F, 0xF0, 0x00, 0xC0, 0x06, 0x00, 0x20, 0x58, 0xD6, 0x01, 0x0D, 0x0E, 0x00,
    0x0D, 0x08, 0x63, 0xFB, 0x00, 0x18, 0x38, 0xC2, 0x26, 0x11, 0x38, 0xF9, 0x81, 0x0C, 0x7F, 0x60,
    0x03, 0x04, 0x10, 0x20, 0x01, 0x00, 0x0F, 0xF0, 0x8C, 0xD6, 0x01, 0x0C, 0x0E, 0x00, 0x0D, 0x00,
    0x20, 0x82, 0x7F, 0xA0, 0x02, 0x1E, 0x22, 0x32, 0x21, 0x23, 0x32, 0x0C, 0x20, 0xC2, 0x7F, 0xA0,
    0x02, 0x00, 0x20, 0x02, 0xC4, 0xD6, 0x01, 0x0D, 0x0E, 0x00, 0x0D, 0x00, 0x00, 0x10, 0x1F, 0xF8,
    0x00, 0x00, 0xF8, 0x18, 0x20, 0xC1, 0x01, 0xF0, 0x00, 0x03, 0xFF, 0x80, 0x80, 0x04, 0x00, 0x20,
    0x01, 0x00, 0x88, 0xD7, 0x01, 0x0C, 0x0E, 0x00, 0x0D, 0x08, 0x20, 0x82, 0x7F, 0xA0, 0x02, 0x00,
    0x21, 0xE2, 0x22, 0x22, 0x12, 0x21, 0x23, 0x22, 0x1C, 0x20, 0x02, 0x00, 0x20, 0x02, 0x99, 0xD7,
    0x01, 0x0C, 0x0E, 0x00, 0x0D, 0x08, 0x20, 0x82, 0x7F, 0xA0, 0x02, 0x1E, 0x22, 0x32, 0x23, 0x21,
    0xE2, 0x00, 0x01, 0x02, 0x1F, 0xE1, 0x02, 0x10, 0x21, 0xFE, 0x01, 0xFF, 0x02, 0x02, 0x0C, 0x06,
    0x0E, 0x3F, 0xFE, 0x0F, 0x00, 0x00, 0x00, 0x00, 0x00, 0x00, 0x00,
};
const size_t font_NotoKR14_data_size = sizeof(font_NotoKR14_data);
